Original Image Name	Distorted Image Name	Score	 	mse	psnr	ssim	sg_essim	ffs	lgv
I1.bmp	I1D1L1.bmp	88	 	0.12998453776041666	56.99188666751169	0.9998360098862111	0.999994929144547	0.19186935772251493	0.6831373081484936
I1.bmp	I1D1L2.bmp	66	 	13.17971420288086	36.93174368019443	0.9681820990449109	0.9985200686461411	0.3633133892246669	0.6988235756698846
I1.bmp	I1D1L3.bmp	47	 	29.531993865966797	33.42787591323939	0.9297671352739382	0.9942545335519302	0.4277077844995139	0.7157453208892501
I1.bmp	I1D1L4.bmp	44	 	77.52782185872395	29.236227782143473	0.8198965060853277	0.966795370819734	0.5216726496897115	0.7678804141486203
I1.bmp	I1D1L5.bmp	19	 	147.8932113647461	26.431321215193982	0.7249667593211201	0.9197423977651755	0.593041271759539	0.8376354674058429
I1.bmp	I1D2L1.bmp	80	 	7.902432759602864	39.153195516752014	0.9257147226102775	0.9997205524664701	0.300166226893414	0.6818312628380159
I1.bmp	I1D2L2.bmp	56	 	25.037527720133465	34.144889177397445	0.8035237102772047	0.9989218444708008	0.35557121287864435	0.6790649357599741
I1.bmp	I1D2L3.bmp	56	 	95.77398173014323	28.318328176111844	0.5435469611992552	0.9943597189052114	0.4260747736956612	0.6689259588133509
I1.bmp	I1D2L4.bmp	28	 	300.83498509724933	23.347520204669916	0.3052759494177955	0.978520664547565	0.48200941921978124	0.6458731502086879
I1.bmp	I1D2L5.bmp	29	 	669.5676422119141	19.872859032607945	0.1840185331640988	0.9456640349678518	0.5186321730702633	0.6070726729491686
I1.bmp	I1D3L1.bmp	89	 	4.518960316975911	41.58041833255243	0.9580966076598072	0.9998619340193268	0.2736842728915899	0.6821555131796885
I1.bmp	I1D3L2.bmp	73	 	10.381641387939453	37.96814337859362	0.9065625738235732	0.9996386440166249	0.30930319121565286	0.6813149054952469
I1.bmp	I1D3L3.bmp	38	 	61.359710693359375	30.251970575895314	0.6378554712947966	0.9969693322935128	0.39891552602297864	0.673864508064338
I1.bmp	I1D3L4.bmp	28	 	253.30334345499674	24.094394386080673	0.33617082072485766	0.9813914183405423	0.47546971150360806	0.6486591504052586
I1.bmp	I1D3L5.bmp	12	 	573.6105066935221	20.544632632618107	0.20259182258065378	0.9542409486741015	0.51284060631966	0.6152841387354373
I1.bmp	I1D4L1.bmp	76	 	85.8761494954427	28.79207797511377	0.9718146270719475	0.9991957962003177	0.32432556210795055	0.668058164644163
I1.bmp	I1D4L2.bmp	63	 	21.701669057210285	34.76587224509638	0.9916076618275818	0.9997944505990788	0.2659291583859313	0.6751549579131493
I1.bmp	I1D4L3.bmp	38	 	21.701669057210285	34.76587224509638	0.9895668227555788	0.9997845070938151	0.27411394984791876	0.6913510721448587
I1.bmp	I1D4L4.bmp	38	 	85.8761494954427	28.79207797511377	0.9559647948112512	0.9990995032835343	0.32314242867445464	0.699861088650654
I1.bmp	I1D4L5.bmp	12	 	342.7704149881999	22.780770305859647	0.7899061625079676	0.9955668529887529	0.3958535994809217	0.7190642184460538
I1.bmp	I1D5L1.bmp	65	 	20.202462514241535	35.07676051264599	0.9558877756716687	0.9999909728047159	0.20671253670697987	0.6829588989030717
I1.bmp	I1D5L2.bmp	62	 	41.71172078450521	31.928222541724086	0.9089099503216468	0.9957224968284832	0.41389368143184047	0.703510563883899
I1.bmp	I1D5L3.bmp	50	 	63.11366399129232	30.129569674938004	0.8628026722371173	0.9887001876031227	0.46242807420540527	0.7069574738697637
I1.bmp	I1D5L4.bmp	37	 	78.51586278279622	29.181229535102375	0.8232746408295576	0.9772502255897555	0.4977130644028744	0.728828581656205
I1.bmp	I1D5L5.bmp	14	 	95.93361536661784	28.31109549211596	0.7870492174817971	0.9571762564268737	0.5427548850430169	0.7564745474589059
I1.bmp	I1D6L1.bmp	68	 	7.974023183186849	39.11402866898509	0.980607130351623	0.9985321775982836	0.35868759319687676	0.6866940451338638
I1.bmp	I1D6L2.bmp	60	 	3.916173299153646	42.2021845883976	0.9877316368710315	0.9996666522093012	0.30090006074352255	0.6892341580564463
I1.bmp	I1D6L3.bmp	49	 	37.70429992675781	32.36689479416092	0.894317473964623	0.9876583018307827	0.464063855388163	0.7220572611365275
I1.bmp	I1D6L4.bmp	42	 	24.278560638427734	34.278574249769534	0.928795418916209	0.9942950635132995	0.4293043168073779	0.7106820649961045
I1.bmp	I1D6L5.bmp	25	 	46.99469121297201	31.410315605307563	0.8665245417030397	0.983141244463882	0.48535670319471036	0.7337608884799088
I1.bmp	I1D7L1.bmp	82	 	4.6813100179036455	41.427129578078606	0.9831717775752505	0.9999762791024219	0.2779352254129079	0.6826182876306951
I1.bmp	I1D7L2.bmp	60	 	22.664642333984375	34.57731490930189	0.9146909840928442	0.999009652958988	0.3855712033531912	0.6828868201284903
I1.bmp	I1D7L3.bmp	51	 	28.06896464029948	33.64853967446068	0.8969308539519529	0.9981379026854587	0.40239138725432394	0.6829487924376991
I1.bmp	I1D7L4.bmp	34	 	42.38141377766927	31.85904920866912	0.8589138085783402	0.9945743140476332	0.43696472514339524	0.6863136272036203
I1.bmp	I1D7L5.bmp	10	 	64.71140162150066	30.020995543096323	0.8112781742674698	0.9840865003451799	0.4747144833200442	0.6955758840746455
I1.bmp	I1D8L1.bmp	76	 	0.00128173828125	77.05281005429728	0.9999804102897437	0.9999999807022192	0.10118005016738384	0.6830189715333573
I1.bmp	I1D8L2.bmp	59	 	8.111062367757162	39.04002620067592	0.9508375621484529	0.9988243064267739	0.3520416850166303	0.6875349405187052
I1.bmp	I1D8L3.bmp	47	 	26.202916463216145	33.94730728579064	0.8837278349841364	0.9911087414327722	0.43489497543519606	0.710241280777002
I1.bmp	I1D8L4.bmp	21	 	37.40563456217448	32.40143334203638	0.8560613601704951	0.9853153039348985	0.45794491399413695	0.7200060316918029
I1.bmp	I1D8L5.bmp	12	 	49.49173482259115	31.18547683563655	0.8236143878024546	0.9761564437241986	0.4799129992304963	0.7334989513817907
I1.bmp	I1D9L1.bmp	89	 	0.7152760823567709	49.58606657666259	0.9933408570737573	0.9999834806022125	0.22141222338742028	0.6830201062570371
I1.bmp	I1D9L2.bmp	58	 	13.78317896525065	36.73730965659001	0.9326260258219157	0.9990082820304987	0.3504896501530987	0.6833862262830227
I1.bmp	I1D9L3.bmp	56	 	18.460127512613933	35.468456642953875	0.9136476887541479	0.9981199928503433	0.37659224529196383	0.6832982951476827
I1.bmp	I1D9L4.bmp	34	 	31.165108998616535	33.194117107111296	0.8713229772164496	0.9945083510843536	0.4224729252201713	0.6867163328129642
I1.bmp	I1D9L5.bmp	14	 	53.43254089355469	30.85274534058913	0.8196905406192392	0.9838359425845318	0.4682143318254283	0.6957604946034823
I2.bmp	I2D1L1.bmp	79	 	1.4818929036458333	46.42263542539239	0.9973263369270065	0.999936892731659	0.23584613127465123	0.5045405683000259
I2.bmp	I2D1L2.bmp	60	 	86.19435628255208	28.776015302588135	0.8230489879205356	0.9919311250409537	0.4107615513044356	0.5327556983912987
I2.bmp	I2D1L3.bmp	54	 	146.89307276407877	26.460790452088403	0.7149155892204889	0.9792094763236769	0.4694284541871703	0.5555627183443734
I2.bmp	I2D1L4.bmp	28	 	262.7570660909017	23.93525956917301	0.5626047432148263	0.9351815861513311	0.5507947475575969	0.6079284087770906
I2.bmp	I2D1L5.bmp	10	 	404.0673573811849	22.066265935280494	0.47496150740547716	0.8792974447809134		0.665661073497273
I2.bmp	I2D2L1.bmp	66	 	7.977466583251953	39.11215367211347	0.9596538244111734	0.9996858899003964	0.2946731708950952	0.5011949399643738
I2.bmp	I2D2L2.bmp	70	 	24.116180419921875	34.30771836583395	0.8910643500763739	0.9988932129701869	0.34336061175404764	0.4995934282936537
I2.bmp	I2D2L3.bmp	59	 	96.2752914428711	28.29565518882525	0.6977199155115491	0.9945298441569522	0.41418929700277063	0.49141922257728815
I2.bmp	I2D2L4.bmp	35	 	315.239808400472	23.14439305993875	0.4612347569284307	0.9795527639401425	0.4802939900220693	0.46599628235835755
I2.bmp	I2D2L5.bmp	16	 	758.3203837076823	19.332276308568353	0.3009144277907709	0.9564552106166513	0.5230054073144013	0.4314158028804748
I2.bmp	I2D3L1.bmp	85	 	4.345644632975261	41.750261520559974	0.9785475549571424	0.9998525555147864	0.26957661581069803	0.5011825849125702
I2.bmp	I2D3L2.bmp	59	 	10.42258071899414	37.951050936080264	0.9492958849717669	0.9995976109400183	0.3024364378766576	0.5002665161158757
I2.bmp	I2D3L3.bmp	41	 	61.14425277709961	30.267247188658885	0.7757636053260552	0.9967546421829531	0.39039937241859163	0.49358454798579704
I2.bmp	I2D3L4.bmp	29	 	264.20007705688477	23.91147420922578	0.49445898378700154	0.9833352161687748	0.46882867789113297	0.4718559202879031
I2.bmp	I2D3L5.bmp	8	 	615.4808934529623	20.238657853174587	0.3332212343217756	0.962771858631958	0.5136040216585593	0.4410777493916752
I2.bmp	I2D4L1.bmp	90	 	70.59468078613281	29.64308382086079	0.9739753964236151	0.9973950718870638	0.3705637042802577	0.5208549352903115
I2.bmp	I2D4L2.bmp	61	 	17.900992075602215	35.60203260557264	0.9933323312947605	0.9994167201803532	0.30624268633383644	0.5107653593929458
I2.bmp	I2D4L3.bmp	55	 	17.900992075602215	35.60203260557264	0.9936461104058735	0.9994701452531161	0.2544952066679461	0.4948710659728181
I2.bmp	I2D4L4.bmp	24	 	70.59468078613281	29.64308382086079	0.976200023908795	0.9979006567866389	0.316072342563195	0.48836745045709856
I2.bmp	I2D4L5.bmp	6	 	280.4491310119629	23.65226262207146	0.9082827536797979	0.9918149811669157	0.3839871589472066	0.47787471732662146
I2.bmp	I2D5L1.bmp	84	 	100.53991444905598	28.10741849523484	0.8273256554022971	0.999989642243019	0.20827279818552275	0.5020844423796424
I2.bmp	I2D5L2.bmp	63	 	172.09384791056314	25.773150156202497	0.7106156944823684	0.9830389596352634	0.45736411572466057	0.5342627078711594
I2.bmp	I2D5L3.bmp	38	 	221.56700388590494	24.67575275827982	0.6360973569581821	0.9718882011367324	0.49137303210250083	0.5378149330528625
I2.bmp	I2D5L4.bmp	36	 	263.336976369222	23.92568516172676	0.5845821286092963	0.9539889527609741	0.5249875660796365	0.5650526610354187
I2.bmp	I2D5L5.bmp	18	 	297.3226903279622	23.398523070003428	0.5438332288261231	0.9261540605489673	0.5693536204012007	0.6002431098799097
I2.bmp	I2D6L1.bmp	73	 	51.32348378499349	31.027642327042322	0.9151554659020634	0.9951303086430847	0.3899680145836828	0.5087135504963582
I2.bmp	I2D6L2.bmp	70	 	40.80730183919271	32.02342480505038	0.9131171930061979	0.9974204823695656	0.35063750459871973	0.5140464823877596
I2.bmp	I2D6L3.bmp	58	 	175.43594360351562	25.68961783756674	0.6870584678760397	0.9692046290493197	0.4941611576958573	0.5532107257756754
I2.bmp	I2D6L4.bmp	37	 	145.33688735961914	26.507045060772512	0.7319527395147829	0.9796177678021096	0.46691112255583256	0.5424267352509191
I2.bmp	I2D6L5.bmp	18	 	201.7827377319336	25.081963507431976	0.6540946990923877	0.9642818972398097	0.5101259742448818	0.5628547629025221
I2.bmp	I2D7L1.bmp	85	 	20.043750762939453	35.11101367064536	0.9715188919112019	0.9999707210190305	0.3097482410868361	0.5017957562885194
I2.bmp	I2D7L2.bmp	61	 	84.44798405965169	28.864910743051	0.812992997500397	0.9972799046170364	0.4126843451901552	0.5018823927443875
I2.bmp	I2D7L3.bmp	36	 	99.94888051350911	28.133024267412218	0.7799038641926938	0.9952976716287774	0.42617203768333073	0.5013584489430895
I2.bmp	I2D7L4.bmp	23	 	134.90072123209634	26.830660892813857	0.7135917925243273	0.9884123835379774	0.455720434921994	0.5056386137205093
I2.bmp	I2D7L5.bmp	17	 	180.44606145222983	25.567329535980722	0.6402845767406765	0.9711481696657014	0.49318976825809263	0.5249565573685042
I2.bmp	I2D8L1.bmp	84	 	0.00018437703450520834	85.4737353530426	0.9999985056737172	0.9999999949850491	0.08341459996753964	0.5022331609918617
I2.bmp	I2D8L2.bmp	71	 	64.02773920694987	30.0671219353196	0.7919627157150949	0.9909773227107306	0.42588001228437167	0.5114236769181413
I2.bmp	I2D8L3.bmp	36	 	138.37811660766602	26.72012945515771	0.6417594090038149	0.9645334812654283	0.49487616618999597	0.5556325179544817
I2.bmp	I2D8L4.bmp	41	 	172.72193400065103	25.757328686358285	0.6066488802278381	0.9560291791069682	0.5091097579701321	0.5652962159875601
I2.bmp	I2D8L5.bmp	15	 	205.53342056274414	25.001979108802956	0.5744448633191502	0.944275921919039	0.5259871612163668	0.580427368672698
I2.bmp	I2D9L1.bmp	89	 	0.8957239786783854	48.60906160363044	0.9956705235043594	0.9999820118689193	0.21934365825111862	0.5020676999756598
I2.bmp	I2D9L2.bmp	72	 	60.04710133870443	30.345883133752793	0.8370056974032485	0.9973012392892342	0.37060756458285815	0.501995017373389
I2.bmp	I2D9L3.bmp	54	 	75.30490748087566	29.36257081580667	0.801613199896151	0.9952960787938032	0.3948550510072612	0.5016807425793866
I2.bmp	I2D9L4.bmp	32	 	108.05007298787434	27.794552962824277	0.7319879408030642	0.9883321731332233	0.4397566056653069	0.5059241059783088
I2.bmp	I2D9L5.bmp	16	 	153.3023223876953	26.275316268059605	0.6527206988980855	0.9709845807116442	0.48841170906886866	0.5256970365010227
I3.bmp	I3D1L1.bmp	82	 	3.5641047159830728	42.61129905428571	0.9965002256756793	0.999847597470129	0.24892768739435867	0.40706266276835684
I3.bmp	I3D1L2.bmp	50	 	189.0251032511393	25.365608769090123	0.7469946548035402	0.9804196079658551	0.44042654931756714	0.4363774958292216
I3.bmp	I3D1L3.bmp	56	 	294.9829966227214	23.432833777227955	0.5877214931558611	0.9524541490328065	0.5000715173055388	0.46051667638371496
I3.bmp	I3D1L4.bmp	36	 	436.51152420043945	21.7308464700595	0.4022508599381251	0.8785927070962336	0.5810062917691166	0.5188092070535625
I3.bmp	I3D1L5.bmp	18	 	543.7814292907715	20.776559889776983	0.32668097873525853	0.7998517854100644	0.6272458246713816	0.598132160151612
I3.bmp	I3D2L1.bmp	70	 	8.078736623128256	39.057369110467455	0.9730311063725431	0.999726358117158	0.29263597212519227	0.4040514628446276
I3.bmp	I3D2L2.bmp	73	 	24.281065622965496	34.27812618167399	0.9274627286076284	0.9990804413796616	0.34105902142541367	0.4028699304614961
I3.bmp	I3D2L3.bmp	59	 	94.82191975911458	28.361716170949485	0.7955982933667937	0.9953693152071146	0.41399654543476605	0.3974066286333925
I3.bmp	I3D2L4.bmp	27	 	290.5586624145508	23.498465332949422	0.6124561894441972	0.9842777358251713	0.4750008777041177	0.38400544849110274
I3.bmp	I3D2L5.bmp	19	 	700.0427004496256	19.679558294192894	0.4392037429016342	0.9645019369982906	0.5165731838095255	0.3652007881322855
I3.bmp	I3D3L1.bmp	85	 	4.452334086100261	41.644926161876924	0.9856063148961484	0.9998619789337977	0.26909667163969114	0.40393559455143535
I3.bmp	I3D3L2.bmp	60	 	10.30008316040039	38.00239629759126	0.9671114357320553	0.9996508448257819	0.3004488897376161	0.40353416067281705
I3.bmp	I3D3L3.bmp	39	 	60.443138122558594	30.317333566580537	0.8505289291257526	0.9974033912142584	0.3878163834375053	0.4000147323518547
I3.bmp	I3D3L4.bmp	28	 	260.9883778889974	23.96459192729087	0.6320315989268744	0.9857383204317649	0.46897984534850984	0.38511280850533836
I3.bmp	I3D3L5.bmp	28	 	595.9693819681803	20.378564125099462	0.4708998439908441	0.9690580575336547	0.5087516240461344	0.369027077826364
I3.bmp	I3D4L1.bmp	81	 	90.00473022460938	28.588150263567783	0.9729403622622529	0.9974656658127052	0.37038383478592335	0.4069582389485745
I3.bmp	I3D4L2.bmp	59	 	22.71478525797526	34.567717254499186	0.9927707664680039	0.9994228976981785	0.3079654335381954	0.405274103699259
I3.bmp	I3D4L3.bmp	37	 	22.71478525797526	34.567717254499186	0.9920975977144577	0.9994953985953436	0.2600823691114432	0.4045907631234456
I3.bmp	I3D4L4.bmp	42	 	90.00473022460938	28.588150263567783	0.967584079767199	0.9980829179533026	0.31602886249403617	0.4051010579825762
I3.bmp	I3D4L5.bmp	9	 	358.3689893086751	22.587499389928002	0.8568567083323014	0.9927927019571898	0.38504313740247603	0.4078775835569566
I3.bmp	I3D5L1.bmp	66	 	203.72390365600586	25.040383715494173	0.7674953905963863	0.9999904435321351	0.20544684869828822	0.40447051184834426
I3.bmp	I3D5L2.bmp	66	 	318.8632100423177	23.094759469787157	0.6002259934862394	0.9594221467590738	0.48503459564502027	0.43382011924063363
I3.bmp	I3D5L3.bmp	54	 	384.5816815694173	22.280917668281297	0.5022720907958728	0.9421534801704696	0.5138609187865872	0.4386573893508856
I3.bmp	I3D5L4.bmp	25	 	422.4593251546224	21.872954599165624	0.4449055157614464	0.9130682228559441	0.550968858326462	0.46866734468428656
I3.bmp	I3D5L5.bmp	12	 	454.2317746480306	21.558028499369986	0.4051786182935468	0.8737920979114207	0.5956972428604635	0.5233211901384729
I3.bmp	I3D6L1.bmp	89	 	114.91577275594075	27.527007190312492	0.8780743430348631	0.9883888563879961	0.41227829135262456	0.4119300567650921
I3.bmp	I3D6L2.bmp	72	 	107.3667818705241	27.822104247724816	0.8689585956692394	0.9926548278040276	0.38834358154139975	0.4185225664256096
I3.bmp	I3D6L3.bmp	49	 	329.9753837585449	22.94598818252397	0.5542866895452524	0.9363905945231725	0.5166059866944691	0.4582740166506702
I3.bmp	I3D6L4.bmp	25	 	298.19583257039386	23.38578791181949	0.5977525176170178	0.9525686217328447	0.49279135669577845	0.4481230879192746
I3.bmp	I3D6L5.bmp	20	 	347.3055229187012	22.723686712685087	0.5334609221766606	0.9314435718111603	0.5298447163414386	0.46677229251827634
I3.bmp	I3D7L1.bmp	73	 	27.485027313232422	33.73984187986018	0.96783617923067	0.9999775327998537	0.28726946196110037	0.40437619306178596
I3.bmp	I3D7L2.bmp	68	 	120.6151123046875	27.316786353245202	0.8387509797342684	0.9961875645979705	0.38733882637670425	0.40371148630177
I3.bmp	I3D7L3.bmp	47	 	146.157101949056	26.482604377714534	0.8070733286203181	0.993651853122073	0.4023046916641619	0.4034003273054428
I3.bmp	I3D7L4.bmp	42	 	197.06495920817056	25.184709531051443	0.7431806287460027	0.9858337649931244	0.4330964090205949	0.4032903641994343
I3.bmp	I3D7L5.bmp	6	 	260.1458485921224	23.978634610526104	0.6658355778507422	0.9703961163474641	0.47111953054224465	0.4088597316962941
I3.bmp	I3D8L1.bmp	69	 	2.5431315104166665e-06	104.07711541875253	0.9999999900649387	0.9999999999946464	0.047141976660077925	0.4045702498262373
I3.bmp	I3D8L2.bmp	58	 	138.13287734985352	26.727833024756563	0.7697237071540689	0.9796030770588199	0.4496295443913311	0.41391827441975326
I3.bmp	I3D8L3.bmp	46	 	277.11573155721027	23.704191799627694	0.5851588660685224	0.9454756932318789	0.5054412236251378	0.43080254558600883
I3.bmp	I3D8L4.bmp	34	 	322.72172927856445	23.04252152860753	0.5104003434838633	0.9250017090296017	0.530262690947822	0.4547509520295047
I3.bmp	I3D8L5.bmp	22	 	368.68211364746094	22.464282922410025	0.46650887718277456	0.9070291839984499	0.5459169374493706	0.4668045828012862
I3.bmp	I3D9L1.bmp	77	 	0.9803352355957031	48.217057483658664	0.9967744361544438	0.9999844873162251	0.21653292905975524	0.40467105379163776
I3.bmp	I3D9L2.bmp	75	 	105.97901916503906	27.878604650629	0.8472569180402746	0.9961503676146642	0.3743076557674391	0.4039794467590298
I3.bmp	I3D9L3.bmp	59	 	132.6724421183268	26.90299637542591	0.8135534304017176	0.9937301236674938	0.3940822277769128	0.40368820472168715
I3.bmp	I3D9L4.bmp	22	 	185.4556999206543	25.448401750984225	0.747126353448062	0.9856320127402763	0.4302058493391421	0.40353571404936917
I3.bmp	I3D9L5.bmp	11	 	249.9134292602539	24.152907670186853	0.6669941932261713	0.9704283957557207	0.47080348080587897	0.4090388508776958
I4.bmp	I4D1L1.bmp	79	 	0.8941370646158854	48.616762628285585	0.9992519465331045	0.9999631087405756	0.22338000033382546	0.4431974546367812
I4.bmp	I4D1L2.bmp	74	 	62.55474980672201	30.168200694358767	0.9243421503955038	0.9940622253580711	0.4002086346988878	0.45258108269873654
I4.bmp	I4D1L3.bmp	43	 	124.23887888590495	27.188228371417893	0.852399997024051	0.9830120176016741	0.4627081320040188	0.459912219279804
I4.bmp	I4D1L4.bmp	29	 	287.5759099324544	23.543278582307682	0.6934613995513695	0.9414494275749922	0.5508608714378471	0.47931864308856476
I4.bmp	I4D1L5.bmp	17	 	533.619618733724	20.858485726596236	0.5665732195980636	0.8808780125285846		0.5128581966415322
I4.bmp	I4D2L1.bmp	73	 	7.995639801025391	39.10227139697794	0.947739800979325	0.9997577685441812	0.29606051652068865	0.4420747352795648
I4.bmp	I4D2L2.bmp	66	 	25.097232818603516	34.134545213733745	0.8615752396819941	0.9991331674313081	0.34778287257341567	0.4401076938026713
I4.bmp	I4D2L3.bmp	44	 	96.38040542602539	28.290916120308044	0.6674841605162372	0.9956215745917423	0.41895800894542945	0.4328794747172508
I4.bmp	I4D2L4.bmp	25	 	304.5622380574544	23.294043056627576	0.46502501232824756	0.9819157151060004	0.4832721920398915	0.41582963920187166
I4.bmp	I4D2L5.bmp	16	 	764.2567125956217	19.298410989713407	0.31843745894595593	0.9515059129400257	0.5277865364730066	0.3873214280427021
I4.bmp	I4D3L1.bmp	78	 	4.531524658203125	41.56836013327559	0.970750069879896	0.9998780778238492	0.2708010972475554	0.4417224535403359
I4.bmp	I4D3L2.bmp	56	 	10.22910181681315	38.032428594262214	0.9362039452701484	0.9997021357195156	0.30381197162627327	0.44096142712452036
I4.bmp	I4D3L3.bmp	50	 	60.19970575968424	30.334859923220094	0.7444140107915556	0.9975195599315005	0.3940920777860211	0.43561877521287196
I4.bmp	I4D3L4.bmp	21	 	266.31362533569336	23.876869741633747	0.4866860186254233	0.98509800252891	0.4754098100474071	0.4180331069425654
I4.bmp	I4D3L5.bmp	24	 	626.5285733540853	20.16139478726828	0.3467152232624282	0.9617687635836922	0.5171077229336053	0.39417818297657825
I4.bmp	I4D4L1.bmp	68	 	72.93434270222981	29.501482875014734	0.9794793410902058	0.9979608089039045	0.3707682083342048	0.4521106781709684
I4.bmp	I4D4L2.bmp	68	 	18.505774180094402	35.45773102557555	0.9943930516204577	0.9995354434854379	0.3069615216313827	0.4471045141188562
I4.bmp	I4D4L3.bmp	43	 	18.505774180094402	35.45773102557555	0.994177152337997	0.9995873484352571	0.26538970554423197	0.4389634344819837
I4.bmp	I4D4L4.bmp	31	 	72.93434270222981	29.501482875014734	0.9776399075035318	0.9984084782493162	0.32450166903145894	0.43582718926862296
I4.bmp	I4D4L5.bmp	22	 	289.74124272664386	23.51070042351241	0.9065926560954392	0.9938046479817166	0.3946207051557638	0.43116070701546233
I4.bmp	I4D5L1.bmp	81	 	86.10983530680339	28.780276022652842	0.9123637566959282	0.9999923020911206	0.20255015648461647	0.4425566253451837
I4.bmp	I4D5L2.bmp	72	 	166.99513626098633	25.90376538377663	0.8278133576123811	0.9863169494999762	0.4477830020291628	0.4527356120233926
I4.bmp	I4D5L3.bmp	49	 	233.2502924601237	24.452581639103023	0.7601861942922182	0.9742105354300413	0.4931432045874723	0.4519796932147583
I4.bmp	I4D5L4.bmp	20	 	300.9449628194173	23.345932823150576	0.6972829675703088	0.9555459026825752	0.5313025842221241	0.4623276461041172
I4.bmp	I4D5L5.bmp	20	 	349.4450149536133	22.697015114896885	0.6531456254188247	0.9251779467314465	0.585130294253095	0.500021671920884
I4.bmp	I4D6L1.bmp	72	 	49.100720723470054	31.219924939195085	0.9555181305999557	0.9945123057352168	0.4050936230317073	0.44431822907163787
I4.bmp	I4D6L2.bmp	73	 	30.482018788655598	33.29036634429364	0.9637562787209916	0.9979706835574912	0.34880986241590606	0.4464172325393601
I4.bmp	I4D6L3.bmp	48	 	198.70822270711264	25.1486452192902	0.7872998411646862	0.9693177066728578	0.5068529372492189	0.45582950739107597
I4.bmp	I4D6L4.bmp	30	 	146.241335550944	26.480102162599053	0.8379657532108326	0.9809471169957564	0.4763697487291788	0.4533698383467579
I4.bmp	I4D6L5.bmp	13	 	244.58220036824545	24.24655513086418	0.7486974766162141	0.9613886742601898	0.5275206092490451	0.458687535179935
I4.bmp	I4D7L1.bmp	71	 	6.828968048095703	39.7872528015539	0.9859868812399606	0.9999798965647377	0.2765563124366874	0.44238897959242074
I4.bmp	I4D7L2.bmp	67	 	44.12000401814779	31.684448175471886	0.9123818758918171	0.9986186448598455	0.3823167419211635	0.442596008344539
I4.bmp	I4D7L3.bmp	56	 	55.800106048583984	30.664453365491294	0.8939020605537977	0.9975482467781817	0.39935443742183646	0.4427336334783448
I4.bmp	I4D7L4.bmp	31	 	83.01579284667969	28.939196408566023	0.8564986015940471	0.993726825711112	0.43049530093871796	0.44318515289052185
I4.bmp	I4D7L5.bmp	9	 	122.76141103108723	27.2401848925823	0.8103420649549747	0.984525212316646	0.466151753413066	0.4440338136777749
I4.bmp	I4D8L1.bmp	66	 	0.000347137451171875	82.72578890498478	0.9999962505742995	0.9999999920462347	0.08495194060866086	0.4427255912109103
I4.bmp	I4D8L2.bmp	59	 	33.61463165283203	32.8655200422463	0.9164515861313443	0.9959331269312532	0.39771849894934186	0.44952848295437947
I4.bmp	I4D8L3.bmp	56	 	112.0279172261556	27.63754099032876	0.8148339866247597	0.9778090700146467	0.47466012451452755	0.4515196486288426
I4.bmp	I4D8L4.bmp	30	 	152.77844111124674	26.29018286516984	0.7795030179720303	0.9704340312967438	0.49073139768115775	0.4505411627447149
I4.bmp	I4D8L5.bmp	25	 	198.28763071695963	25.15784737327849	0.7357631247386506	0.9577521538391464	0.5124868142032056	0.4528326710723929
I4.bmp	I4D9L1.bmp	84	 	0.8318862915039062	48.93016393167648	0.9946779020148956	0.9999868525853514	0.21625518610582212	0.4426549661640408
I4.bmp	I4D9L2.bmp	63	 	33.85225168863932	32.834927997100316	0.9244113471759327	0.9986247415439727	0.35243600453519525	0.4428184096886517
I4.bmp	I4D9L3.bmp	46	 	44.615492502848305	31.635946694163692	0.9047338971540051	0.9975439458970556	0.377197074370179	0.4430000641636932
I4.bmp	I4D9L4.bmp	42	 	69.99587122599284	29.68007937377243	0.8662951362493824	0.9937216044744506	0.4179495669603191	0.4433567020475743
I4.bmp	I4D9L5.bmp	27	 	107.29869969685872	27.824859018833273	0.8183383364821211	0.9845082362038715	0.45909821964870806	0.44410333679056896
I5.bmp	I5D1L1.bmp	73	 	0.35426076253255206	52.63757307770579	0.9995979227035235	0.9999850479658234	0.2075245216256446	0.617077794622694
I5.bmp	I5D1L2.bmp	64	 	23.912247975667317	34.34459955076835	0.9615110685341941	0.9976533698499752	0.3720339255001265	0.621197076561032
I5.bmp	I5D1L3.bmp	40	 	44.392066955566406	31.657749940246074	0.9296764807104889	0.9935569471101231	0.42370274333352176	0.6246138948327874
I5.bmp	I5D1L4.bmp	38	 	92.74668757120769	28.45781953041582	0.8691187696245734	0.979317980292326	0.4938591115330111	0.6325923275845107
I5.bmp	I5D1L5.bmp	19	 	174.3304303487142	25.717071586172292	0.8132571104325176	0.954447528541286	0.5897256821071216	0.6546939705986565
I5.bmp	I5D2L1.bmp	66	 	8.026959737141928	39.0852927628667	0.9191948253683205	0.999727983765299	0.3000712301594763	0.6151972945249863
I5.bmp	I5D2L2.bmp	72	 	24.60997263590495	34.21969230061576	0.7944542887045974	0.9990187756866118	0.35012912245577665	0.6127484351553174
I5.bmp	I5D2L3.bmp	49	 	96.6098124186198	28.28059122000663	0.5289812757181299	0.9946444048771464	0.4266819120742037	0.6000865018586214
I5.bmp	I5D2L4.bmp	41	 	310.91072209676105	23.204446614456135	0.2999688416755975	0.978325753075636	0.4874919603611088	0.5709681115280636
I5.bmp	I5D2L5.bmp	14	 	792.2510973612467	19.142175114560562	0.1729367452331798	0.9422078908685363	0.5282863505041993	0.5242348774571324
I5.bmp	I5D3L1.bmp	68	 	4.5322113037109375	41.56770211243983	0.9545909855410978	0.9998717651929904	0.2738132937495407	0.6154265356749996
I5.bmp	I5D3L2.bmp	66	 	10.584683736165365	37.88402474770408	0.8989714848040622	0.9996540813149606	0.3089884122774884	0.6141881779527466
I5.bmp	I5D3L3.bmp	37	 	62.89651107788086	30.144538054329534	0.6197938703220255	0.996939584078656	0.39991903373761434	0.605534823832846
I5.bmp	I5D3L4.bmp	43	 	268.920108795166	23.83457082585646	0.32253269720680894	0.9815081866054651	0.480706907832899	0.5746777028789709
I5.bmp	I5D3L5.bmp	13	 	631.2469787597656	20.128810483330376	0.19739863918082098	0.952661550334853	0.5208587993695596	0.5350516211046359
I5.bmp	I5D4L1.bmp	68	 	92.00503412882487	28.492687701032647	0.9823430544697037	0.9975676619946376	0.3743665171807586	0.6308954125050816
I5.bmp	I5D4L2.bmp	58	 	23.366463979085285	34.444873648026515	0.9951776417273228	0.9994593455941319	0.30846362889711015	0.6233736554616958
I5.bmp	I5D4L3.bmp	47	 	23.366463979085285	34.444873648026515	0.9950974324346168	0.9995313436902007	0.2567907380635642	0.6109108706015575
I5.bmp	I5D4L4.bmp	37	 	92.00503412882487	28.492687701032647	0.9815395944818633	0.9982133448758301	0.32089517194471673	0.6055509699981051
I5.bmp	I5D4L5.bmp	8	 	365.12144978841144	22.506430136724692	0.9237401696612674	0.9933074367454894	0.39007014538538587	0.5960773127884438
I5.bmp	I5D5L1.bmp	70	 	31.134259541829426	33.198418194028	0.954333914792633	0.9999915567605	0.20664467253495605	0.61655982989999
I5.bmp	I5D5L2.bmp	54	 	59.08676401774088	30.41590155077136	0.9118899181636713	0.9945661770434211	0.4135636836248514	0.6215408621285647
I5.bmp	I5D5L3.bmp	57	 	81.44305165608723	29.02226322636409	0.8759892152936516	0.9910022425203324	0.4442481059264267	0.6207115115214499
I5.bmp	I5D5L4.bmp	27	 	101.75269190470378	28.0553445339921	0.8447888260925837	0.9842517017497856	0.4772260495731857	0.6258370599759844
I5.bmp	I5D5L5.bmp	14	 	118.80218760172527	27.38255923130053	0.8166529808886874	0.9681647373619846	0.5293181236891769	0.6405681203708714
I5.bmp	I5D6L1.bmp	69	 	13.060368855794271	36.9712491824938	0.9844578247155568	0.998445121709693	0.3468243060946731	0.6175622243984205
I5.bmp	I5D6L2.bmp	58	 	7.410180409749349	39.432515793386706	0.9878528468119914	0.9994903410448681	0.29844968757972273	0.6189197319962025
I5.bmp	I5D6L3.bmp	59	 	54.89065806070963	30.735819234836022	0.9230121245106582	0.9902962614874431	0.44364915295993634	0.6253852633307526
I5.bmp	I5D6L4.bmp	21	 	40.54189809163412	32.05176283224641	0.941890456885754	0.9937918088265161	0.41724753449814855	0.6234437057906921
I5.bmp	I5D6L5.bmp	11	 	66.34934361775716	29.912437300441873	0.9098583378719479	0.9880905328081816	0.4613930353130783	0.6277518645750264
I5.bmp	I5D7L1.bmp	84	 	3.1593348185221353	43.13484707064299	0.9868029952389349	0.999976985710205	0.25191262298684114	0.6165260654680692
I5.bmp	I5D7L2.bmp	57	 	19.563350677490234	35.21637121044098	0.9365250638954993	0.9991528465675019	0.35162792761678563	0.6159643416728479
I5.bmp	I5D7L3.bmp	54	 	25.756707509358723	34.021900146765006	0.920572253443933	0.9984733936990707	0.3724095778848244	0.6145788663242764
I5.bmp	I5D7L4.bmp	45	 	41.45284907023112	31.955259757293216	0.883949119105988	0.9956212769130364	0.41014802291137925	0.6096589568196039
I5.bmp	I5D7L5.bmp	22	 	68.14759826660156	29.796298063163235	0.8325339262573488	0.9874361748239239	0.45097996756422326	0.6077847905928655
I5.bmp	I5D8L1.bmp	87	 	0.0006968180338541666	79.69960979054865	0.9999895564027289	0.9999999870763194	0.09607218182689828	0.6167986330998063
I5.bmp	I5D8L2.bmp	54	 	5.496187845865886	40.7301879347055	0.9727708510672831	0.9994104374539512	0.3216959461114547	0.6182519057391667
I5.bmp	I5D8L3.bmp	40	 	21.400929768880207	34.82647719073741	0.930740588556611	0.9955816314781735	0.3978278247553726	0.6205305330211347
I5.bmp	I5D8L4.bmp	28	 	34.08402887980143	32.80529436250663	0.9109066087517427	0.9927478274851342	0.42137616557305024	0.6210408462487391
I5.bmp	I5D8L5.bmp	18	 	48.79963811238607	31.246637594876702	0.8887695913673834	0.9881049769823267	0.4436991275094806	0.6236852937094929
I5.bmp	I5D9L1.bmp	83	 	0.6613718668619791	49.92634643720013	0.9934907758857062	0.999984078948925	0.2243117612473949	0.6167162804877157
I5.bmp	I5D9L2.bmp	65	 	14.318893432617188	36.57170903976887	0.9449208071117684	0.999149414864031	0.33694927703333255	0.6161322426905818
I5.bmp	I5D9L3.bmp	52	 	19.768182118733723	35.17113627421845	0.9273142792349218	0.9984653413879002	0.362531913283909	0.6147633274468234
I5.bmp	I5D9L4.bmp	44	 	34.121604919433594	32.80050910727007	0.8868399435604459	0.9956256880428433	0.4071308034953091	0.6098322280697581
I5.bmp	I5D9L5.bmp	25	 	58.52641932169596	30.457284063146034	0.8330650288007173	0.9872910341182838	0.451087536294859	0.6078487331911714
I6.bmp	I6D1L1.bmp	69	 	6.597368876139323	39.937095935688575	0.9959862562896248	0.9998070644438216	0.2532259658537792	0.26220341463974395
I6.bmp	I6D1L2.bmp	65	 	365.2076059977214	22.505405470756322	0.7214358653592452	0.9759173735119022	0.451192991221428	0.2872034908861076
I6.bmp	I6D1L3.bmp	59	 	595.9829750061035	20.378465071117514	0.5439018968944062	0.9433740865375216	0.5112946346523002	0.3086914295656048
I6.bmp	I6D1L4.bmp	44	 	959.713623046875	18.309387012500398	0.3099996607323729	0.8525876636987213	0.5911530435913767	0.36329115524487243
I6.bmp	I6D1L5.bmp	22	 	1270.1837043762207	17.092138241424518	0.20586793799477845	0.7507257259575338	0.6440246437812409	0.42878609955885166
I6.bmp	I6D2L1.bmp	89	 	7.797084808349609	39.211481028306466	0.9861050602701257	0.9997659661025395	0.28288917303883754	0.2593459057666474
I6.bmp	I6D2L2.bmp	69	 	24.10427729288737	34.30986246099134	0.9604713777782473	0.9992179419955263	0.329788489913269	0.2589364198829065
I6.bmp	I6D2L3.bmp	48	 	93.85389200846355	28.406280738652402	0.8779946660805948	0.9963102359249787	0.39791386452874533	0.25691005123368804
I6.bmp	I6D2L4.bmp	28	 	295.17820231119794	23.429960773832057	0.7374832086531536	0.9870044433645895	0.45753120467126707	0.2493942028530563
I6.bmp	I6D2L5.bmp	29	 	729.150333404541	19.502632821561615	0.5821681723256008	0.9712995343539607	0.5047418716090762	0.2375721492017906
I6.bmp	I6D3L1.bmp	72	 	4.470620473225911	41.62712558228657	0.9923093376676212	0.9998809743893629	0.2598589842466656	0.25935775793729604
I6.bmp	I6D3L2.bmp	65	 	10.225062052408854	38.03414408595672	0.9824573683399912	0.9997072357828194	0.2890742201259395	0.25915622705406494
I6.bmp	I6D3L3.bmp	53	 	60.368778228759766	30.322679743779805	0.9136718642791858	0.9978064493966597	0.37401372521577003	0.2576431851794848
I6.bmp	I6D3L4.bmp	43	 	258.86819076538086	24.000016724407182	0.7563318941832851	0.9892670723014256	0.450921448846311	0.2507729784579903
I6.bmp	I6D3L5.bmp	29	 	602.7314478556315	20.329565092475764	0.615954452912277	0.9754269586263253	0.4966323308209899	0.2398568229065092
I6.bmp	I6D4L1.bmp	68	 	90.08689753214519	28.584187301915843	0.9803301262940248	0.9968139063446932	0.3750702386336331	0.2681396704597543
I6.bmp	I6D4L2.bmp	56	 	22.84083302815755	34.54368421848619	0.9950723287488038	0.9992812857093982	0.31042800705577756	0.2636087567435653
I6.bmp	I6D4L3.bmp	52	 	22.84083302815755	34.54368421848619	0.9952363403930535	0.9993873935564845	0.26257421654549085	0.2562835480204063
I6.bmp	I6D4L4.bmp	23	 	90.08689753214519	28.584187301915843	0.9815936902623434	0.9977046142660293	0.3252266448309912	0.2533739462056697
I6.bmp	I6D4L5.bmp	24	 	358.05931345621747	22.591253862546075	0.9269623183481364	0.9916928960366607	0.39571347732885215	0.24833372292874095
I6.bmp	I6D5L1.bmp	81	 	405.3408711751302	22.052599643038366	0.7450296888264515	0.9999916359458879	0.20059942732930472	0.25963536581499297
I6.bmp	I6D5L2.bmp	69	 	664.6942176818848	19.90458460098543	0.5560853659823591	0.9516784583364215	0.500263265362859	0.28684081554637214
I6.bmp	I6D5L3.bmp	55	 	829.80810546875	18.94102688216413	0.4430044632303451	0.9286442096128027	0.5322857965431015	0.28855096177508993
I6.bmp	I6D5L4.bmp	44	 	943.5142491658529	18.3833189750382	0.36658691869450605	0.8917186174719549	0.5694413124372424	0.31603441475032845
I6.bmp	I6D5L5.bmp	21	 	1026.103874206543	18.01889033511942	0.3177591872753199	0.8431852459338135	0.6208594660349559	0.37659842421803763
I6.bmp	I6D6L1.bmp	75	 	213.0926742553711	24.84511841163822	0.8752813585766495	0.9850705980766714	0.4296559020556892	0.26514802278284766
I6.bmp	I6D6L2.bmp	68	 	182.7060635884603	25.513274000544506	0.8660991023292417	0.9914009344436199	0.39614600781368303	0.27119947151787854
I6.bmp	I6D6L3.bmp	52	 	703.7857398986816	19.656398979510843	0.5152010757251709	0.9244284553664782	0.5376496176108485	0.30419892410305654
I6.bmp	I6D6L4.bmp	35	 	590.3049685160319	20.420039222341885	0.5866996556064055	0.9452461302696026	0.5123648264435635	0.2962015114775534
I6.bmp	I6D6L5.bmp	14	 	773.2002360026041	19.247883829524024	0.47726610547066556	0.9163355223946145	0.5517749883061073	0.3118049337902981
I6.bmp	I6D7L1.bmp	68	 	35.743157704671226	32.59887443556263	0.9756006282546221	0.9999804227812583	0.3035261551999295	0.25951384370935404
I6.bmp	I6D7L2.bmp	58	 	171.38954416910806	25.79096037144028	0.8535213682666196	0.9962147349590516	0.4020816675696932	0.26040151841301334
I6.bmp	I6D7L3.bmp	52	 	211.46676890055338	24.87838231317738	0.8219629850514728	0.9938100633599682	0.41373539764010475	0.2599731161065385
I6.bmp	I6D7L4.bmp	42	 	291.9539286295573	23.477660372297095	0.7603360803819125	0.9862866533361965	0.4371258565262435	0.25845947935335367
I6.bmp	I6D7L5.bmp	16	 	389.4828796386719	22.22591988568866	0.6868904602213125	0.971864797256537	0.4709727500166878	0.266422460259796
I6.bmp	I6D8L1.bmp	69	 	0.00011698404947916667	87.44953710193678	0.999998239814456	0.9999999987881044	0.06560380350402137	0.2596820092244397
I6.bmp	I6D8L2.bmp	53	 	263.1365572611491	23.928991725546158	0.7101085110649198	0.9662480915092851	0.4777710050101826	0.2868077832342364
I6.bmp	I6D8L3.bmp	43	 	558.4472134908041	20.660982326071537	0.5286959517842998	0.9195400946881875	0.533865614936757	0.32905035905433955
I6.bmp	I6D8L4.bmp	27	 	650.1077117919922	20.000950430535596	0.4744916042126614	0.8972810201063492	0.5484666529661469	0.3431833580099076
I6.bmp	I6D8L5.bmp	15	 	749.3723665873209	19.383826866016065	0.43155929903415075	0.8859256143712151	0.557453713593297	0.34893612272023466
I6.bmp	I6D9L1.bmp	74	 	1.016766866048177	48.058589756890946	0.9982223849840527	0.9999866563962838	0.21044904340324708	0.25968356911598617
I6.bmp	I6D9L2.bmp	65	 	152.33473587036133	26.30281416975351	0.8617956868640434	0.996219709180846	0.3785747450784252	0.26054278084929505
I6.bmp	I6D9L3.bmp	52	 	194.25200907389322	25.24714841630771	0.828353078706138	0.9938128494015167	0.39717769236389294	0.26004205064123975
I6.bmp	I6D9L4.bmp	41	 	277.4440231323242	23.699049874524878	0.7636853489838925	0.9861660743347753	0.4307761236567361	0.2586447996879037
I6.bmp	I6D9L5.bmp	29	 	377.1428082784017	22.365745302816364	0.6878046759797668	0.9714265547504188	0.4692678514486984	0.26683475281816316
I7.bmp	I7D1L1.bmp	84	 	2.5659087678687458	44.0383915010552	0.9981675802977051	0.9999285094883601	0.24588245565768047	0.3985855754448583
I7.bmp	I7D1L2.bmp	59	 	161.4448124796946	26.0505626597517	0.8630873880654669	0.9913826172429733	0.4314458251438544	0.4054447751866823
I7.bmp	I7D1L3.bmp	43	 	287.2622873010071	23.54801746682884	0.7690621130222111	0.9786277924737066	0.4856902507868456	0.40855527137336667
I7.bmp	I7D1L4.bmp	26	 	559.6841115375244	20.651373826542688	0.6117016193808439	0.931784050371731	0.5624516290379759	0.41926053835178867
I7.bmp	I7D1L5.bmp	29	 	927.9028869192657	18.455778349529616	0.5040414324864161	0.8689776717429455		0.4426048416546368
I7.bmp	I7D2L1.bmp	69	 	7.542929408300845	39.35540317546619	0.9557298027197346	0.9997858762607288	0.2940365852995778	0.39730234653186797
I7.bmp	I7D2L2.bmp	57	 	24.18856857131254	34.29470192380944	0.8799207356156046	0.9991732510797885	0.34779244765927764	0.3957815831617427
I7.bmp	I7D2L3.bmp	49	 	92.27951388888889	28.479750627944203	0.7039694734682754	0.9957928753345066	0.4188574989969492	0.390256564814762
I7.bmp	I7D2L4.bmp	39	 	290.2375604085445	23.503267459342982	0.5113945057628629	0.9829009880328075	0.4806947041408729	0.37576787095558023
I7.bmp	I7D2L5.bmp	25	 	739.0617448931936	19.443996378367927	0.36997931505117004	0.9555503215953252	0.5229310169847107	0.3521570818493264
I7.bmp	I7D3L1.bmp	83	 	4.244243421052632	41.85280076734674	0.9754312570310054	0.9998903331171565	0.2698289844947857	0.39716751886037144
I7.bmp	I7D3L2.bmp	70	 	9.584532620614034	38.31509421039041	0.9465061247366721	0.9997300673795602	0.30229750170273473	0.3967175403162103
I7.bmp	I7D3L3.bmp	46	 	57.14669123619233	30.560892708341235	0.7780434193170035	0.9977942663001573	0.38987539305860686	0.3929309695091237
I7.bmp	I7D3L4.bmp	32	 	253.545050052794	24.090252246104896	0.5341472677732878	0.9855340890820471	0.47241855202376953	0.37766223271192584
I7.bmp	I7D3L5.bmp	12	 	588.7423626340156	20.431550745100097	0.40204383475150246	0.9643075697031388	0.5138603168707775	0.35892291354472644
I7.bmp	I7D4L1.bmp	79	 	92.21641487979207	28.482721268295528	0.9821824291110417	0.9976268884372855	0.37356038084853377	0.4100385340799851
I7.bmp	I7D4L2.bmp	70	 	23.359390229044834	34.44618859055007	0.9953882331581977	0.9994657443677771	0.3083480032975204	0.4036220874328329
I7.bmp	I7D4L3.bmp	54	 	23.359390229044834	34.44618859055007	0.9953841129934918	0.999540314954899	0.2533498485581375	0.3925190632700147
I7.bmp	I7D4L4.bmp	21	 	92.21641487979207	28.482721268295528	0.9821023058269441	0.9982663699079695	0.3186532885861258	0.38784722350217055
I7.bmp	I7D4L5.bmp	10	 	366.4515424484243	22.490638068256136	0.9263072850297078	0.9937289141776529	0.38911919343744267	0.37944182951584565
I7.bmp	I7D5L1.bmp	85	 	201.1525594948018	25.095547978985028	0.858606006540183	0.9999929324222212	0.2008916852911855	0.3976458156741487
I7.bmp	I7D5L2.bmp	56	 	358.58847186687785	22.584840373960088	0.7576302235078721	0.9815243771631097	0.4762387371452256	0.4026845609424802
I7.bmp	I7D5L3.bmp	51	 	483.4331647985705	21.28743920019801	0.6835617507587267	0.9678939319185689	0.5102701761284998	0.40177541402029676
I7.bmp	I7D5L4.bmp	23	 	564.5079736740578	20.614102801548654	0.6350466637789763	0.9493119887874923	0.5432199564961002	0.40961628532495536
I7.bmp	I7D5L5.bmp	30	 	671.6816342795646	19.85916887275315	0.5815924951341167	0.9169717606473159	0.5956202515694933	0.44198719508392925
I7.bmp	I7D6L1.bmp	77	 	116.15563830003249	27.4804006517195	0.9312095445841986	0.992161179599014	0.42685659366772893	0.3996672261905874
I7.bmp	I7D6L2.bmp	53	 	91.80541976323912	28.502120401918454	0.93072575463934	0.9962348376016594	0.3869225634566404	0.4012836026429286
I7.bmp	I7D6L3.bmp	49	 	399.6336830937297	22.11418275294829	0.7329945463243265	0.962344003023733	0.5258207365872312	0.4074457161942177
I7.bmp	I7D6L4.bmp	22	 	322.4472364359974	23.04621701739812	0.7791991403435455	0.9752840776497851	0.49811595653428425	0.40602112487518655
I7.bmp	I7D6L5.bmp	18	 	464.88484177022417	21.457349752416572	0.7037787180970362	0.9538044410196516	0.5447998358692387	0.40988263784225154
I7.bmp	I7D7L1.bmp	71	 	16.65396818144899	35.915626302943	0.9763438801078183	0.9999821358366389	0.2922752625509288	0.39757132708051995
I7.bmp	I7D7L2.bmp	75	 	75.06598364400585	29.376371810200155	0.8816373921809344	0.9981855922229637	0.3986890561544129	0.3965475727833521
I7.bmp	I7D7L3.bmp	36	 	93.59886188271605	28.418097929103745	0.8601557699544063	0.9968859636829485	0.413709674571205	0.396002945108613
I7.bmp	I7D7L4.bmp	34	 	134.04339643234243	26.858349372796045	0.8172196334856442	0.9924775102451941	0.4439791469500387	0.3969002465737101
I7.bmp	I7D7L5.bmp	13	 	185.95882954637753	25.436635568648693	0.7716522706594285	0.9827262847514058	0.47788047450732746	0.39976752375565905
I7.bmp	I7D8L1.bmp	67	 	5.076348278102664e-06	101.07528950347258	0.9999999963143035	0.9999999999806445	0.04579263971907394	0.3977833536525498
I7.bmp	I7D8L2.bmp	64	 	61.619258650097464	30.23363891913094	0.862479173864508	0.9917058940781034	0.43468882365197425	0.4034878433787946
I7.bmp	I7D8L3.bmp	47	 	199.7709843546946	25.125479513009612	0.7443643402363008	0.9680794216528683	0.5008097131933321	0.40973891378361527
I7.bmp	I7D8L4.bmp	29	 	268.30194500284273	23.844565398510586	0.7097707237750502	0.9599432854322478	0.5139034384323489	0.41077580058316565
I7.bmp	I7D8L5.bmp	19	 	330.7835572002924	22.935364476375288	0.678563585072467	0.9498826178634483	0.525732563985241	0.41051031988707115
I7.bmp	I7D9L1.bmp	82	 	0.8784658767868746	48.69355464485643	0.9951059828388651	0.9999883526114425	0.21316457951133896	0.39771678326429555
I7.bmp	I7D9L2.bmp	68	 	63.68435139498051	30.090476308514745	0.8906476391033266	0.9981699515419377	0.37037971987009055	0.39687345063268464
I7.bmp	I7D9L3.bmp	36	 	82.07761355791098	28.988556402163688	0.8677857252831677	0.9968634554913774	0.3934263867371514	0.3959401791330283
I7.bmp	I7D9L4.bmp	24	 	122.30889325454841	27.256223245106376	0.823207900171696	0.992366933316656	0.4339286521131908	0.3970935030514736
I7.bmp	I7D9L5.bmp	11	 	174.77133969907408	25.706101455618754	0.7727304010944774	0.9824887438539679	0.47352317623353996	0.3997100116055521
I8.bmp	I8D1L1.bmp	81	 	1.3473256429036458	46.83607785320244	0.998989702933057	0.9999593539539378	0.22041026159337337	0.5541763630137586
I8.bmp	I8D1L2.bmp	64	 	71.83501688639323	29.567441626791844	0.9185573862487063	0.9944802913272707	0.39333284117740097	0.5585949319787606
I8.bmp	I8D1L3.bmp	36	 	109.3525873819987	27.742512975689614	0.8710784808452328	0.987362222827091	0.44799971918381826	0.5623943345356945
I8.bmp	I8D1L4.bmp	42	 	178.38993962605795	25.617100023529574	0.7934015031468494	0.9627739719785323	0.5241652616212245	0.5726860768216108
I8.bmp	I8D1L5.bmp	11	 	273.6155649820964	23.759395617030115	0.7325888149885591	0.9286406888139628	0.6133734416254552	0.5864015627642447
I8.bmp	I8D2L1.bmp	87	 	8.202387491861979	38.99140078773996	0.9232329101419238	0.9997762116309359	0.3007706986898042	0.5534473803564153
I8.bmp	I8D2L2.bmp	52	 	24.688120524088543	34.205923319763315	0.8094174394325534	0.9991658332755653	0.3576041342811117	0.5518793553643692
I8.bmp	I8D2L3.bmp	49	 	98.27147928873698	28.206528672957866	0.5657898863271158	0.9945293047736965	0.4315729072238904	0.5462667757221582
I8.bmp	I8D2L4.bmp	29	 	289.08921305338544	23.520484739665083	0.3683898051935089	0.975111012411493	0.48248718007583546	0.5318756452597144
I8.bmp	I8D2L5.bmp	10	 	709.8889274597168	19.61889958578308	0.23854928542784548	0.9297297589273539	0.5137955436102951	0.5084907781746658
I8.bmp	I8D3L1.bmp	80	 	4.475593566894531	41.6222971993504	0.9578001278640927	0.9998946503629037	0.2711856884145168	0.5529229807102742
I8.bmp	I8D3L2.bmp	61	 	10.66055170694987	37.853006799030744	0.904750859122098	0.9997131381735455	0.31085994688271973	0.5524035099739554
I8.bmp	I8D3L3.bmp	43	 	61.348350524902344	30.252774705377842	0.6546757957605125	0.9973929730207007	0.4020219940599233	0.5484088954499342
I8.bmp	I8D3L4.bmp	39	 	267.0760612487793	23.864453980935487	0.3799018611336215	0.9764404117822743	0.47972976383858973	0.5316998345459423
I8.bmp	I8D3L5.bmp	28	 	598.5754801432291	20.35961438301254	0.25895226698961676	0.9381051171917505	0.5102248608438118	0.5125892646574246
I8.bmp	I8D4L1.bmp	88	 	76.40173721313477	29.29977127246398	0.983405610436782	0.9989497257387872	0.3530106410927616	0.5559009687476951
I8.bmp	I8D4L2.bmp	63	 	19.284566243489582	35.278704858886904	0.9952722291266518	0.9997535636899382	0.29362689052965507	0.5547730775336402
I8.bmp	I8D4L3.bmp	49	 	19.284566243489582	35.278704858886904	0.9948266934050519	0.9997782862744935	0.24033657036719072	0.5532499106978777
I8.bmp	I8D4L4.bmp	23	 	76.40173721313477	29.29977127246398	0.9797721751414251	0.9991589501108242	0.2961593361721358	0.5527527819485472
I8.bmp	I8D4L5.bmp	7	 	303.75059509277344	23.305632234129668	0.9108035097673115	0.9968105934702138	0.36240856496384	0.5521326712347113
I8.bmp	I8D5L1.bmp	85	 	78.44778823852539	29.18499657296065	0.9213828772394183	0.9999929607301882	0.1984638446316079	0.5537054157448968
I8.bmp	I8D5L2.bmp	73	 	124.5082270304362	27.1788231195925	0.8645887262853624	0.9895698403309527	0.4293975141370236	0.5586003043567428
I8.bmp	I8D5L3.bmp	47	 	156.5356305440267	26.184671538901316	0.823455540096826	0.9824557361699195	0.46462149570323663	0.5584840575281669
I8.bmp	I8D5L4.bmp	21	 	182.62907791137695	25.515104344874402	0.7922662944749149	0.971848177488948	0.5012915053148058	0.564082487447347
I8.bmp	I8D5L5.bmp	14	 	205.16616185506186	25.009746269010535	0.7665729695782835	0.9519095067217959	0.5547390471627821	0.5792419570927339
I8.bmp	I8D6L1.bmp	69	 	179.41108194986978	25.59231095621189	0.8125169139269183	0.9697217964005194	0.5132652262844315	0.5675141170060671
I8.bmp	I8D6L2.bmp	74	 	176.22635650634766	25.67009498623577	0.8137553671768263	0.9701672806940281	0.5136243452537896	0.5681233539418415
I8.bmp	I8D6L3.bmp	43	 	189.4122111002604	25.356723870321627	0.8034638068711554	0.9668719077658592	0.5274451643246916	0.5690690446612291
I8.bmp	I8D6L4.bmp	21	 	183.0649274190267	25.504752131112063	0.8087125802033449	0.9684946899258693	0.5208061698283891	0.5686976154957337
I8.bmp	I8D6L5.bmp	26	 	195.68072636922201	25.215323090663407	0.7996104160935525	0.9653872971379496	0.5371057395863833	0.5698417238824716
I8.bmp	I8D7L1.bmp	82	 	10.919998168945312	37.74857795321263	0.9786584727277369	0.9999812926351158	0.2674023971589145	0.553836136638731
I8.bmp	I8D7L2.bmp	51	 	48.755011240641274	31.250610999655223	0.9181879621484536	0.9987103692174074	0.3676599777557352	0.5535456377543626
I8.bmp	I8D7L3.bmp	53	 	60.751322428385414	30.295246248181442	0.9011237034604275	0.9976950700015426	0.3851991959254372	0.552839731563517
I8.bmp	I8D7L4.bmp	41	 	86.66252772013347	28.75249008746337	0.8654310846375893	0.9943229698778219	0.4190683092482882	0.5510145234960048
I8.bmp	I8D7L5.bmp	25	 	122.28989664713542	27.256897829129805	0.8218621109971335	0.9854448729858399	0.46188296705188525	0.5502913885784328
I8.bmp	I8D8L1.bmp	89	 	0.00020599365234375	84.99226522996602	0.9999975021776623	0.9999999946425127	0.08015437898442208	0.5539141149098927
I8.bmp	I8D8L2.bmp	55	 	26.767822265625	33.8546732089105	0.9383234708297	0.9979998274791908	0.36498407075997974	0.5533805735972498
I8.bmp	I8D8L3.bmp	37	 	78.24539184570312	29.19621591070044	0.878628856805303	0.9902566332563295	0.4346983226514386	0.5546113247183713
I8.bmp	I8D8L4.bmp	40	 	101.18602116902669	28.07959841926232	0.8523948951732581	0.9846152335669773	0.45770010201775724	0.555754506323302
I8.bmp	I8D8L5.bmp	27	 	125.87824885050456	27.131296682525043	0.8305922087700499	0.9799300789636404	0.4717065082009545	0.5571934246651733
I8.bmp	I8D9L1.bmp	74	 	0.7829437255859375	49.193498127892575	0.9931535306282532	0.9999874391899757	0.213375953579799	0.5539072992256261
I8.bmp	I8D9L2.bmp	65	 	41.40083694458008	31.9607124011564	0.9256858788900794	0.9987033307629173	0.3417983235312423	0.553595068565511
I8.bmp	I8D9L3.bmp	45	 	53.48187510172526	30.84873735425749	0.9073192940962257	0.9976785036648842	0.36842925103103047	0.5529553085283226
I8.bmp	I8D9L4.bmp	32	 	78.85068257649739	29.1627490368589	0.8689672663223477	0.9942573763941598	0.4120656932134965	0.5510323339907057
I8.bmp	I8D9L5.bmp	28	 	113.92899703979492	27.56446086730599	0.8223289781328685	0.9853791030670138	0.45987951933772625	0.5502986652256625
I9.bmp	I9D1L1.bmp	77	 	0.6881726582845052	49.75382947148607	0.999563287867954	0.9999789119192485	0.2094729450380755	0.26081868551315
I9.bmp	I9D1L2.bmp	67	 	47.114112854003906	31.399293429843095	0.9588976814384154	0.9968052217609035	0.38070775724633604	0.26417656276097096
I9.bmp	I9D1L3.bmp	46	 	94.8141377766927	28.36207260865125	0.9193682400908673	0.9907796891304792	0.4395861578476626	0.2670803797845741
I9.bmp	I9D1L4.bmp	20	 	234.9393679300944	24.42124564855481	0.8202063410805692	0.9672453711304867	0.5188661196405919	0.2741715445701715
I9.bmp	I9D1L5.bmp	19	 	536.692392985026	20.833549211762538	0.692156517227075	0.9245097703729996	0.6058516158122702	0.2856633397713979
I9.bmp	I9D2L1.bmp	69	 	7.578315734863281	39.335076655699524	0.9417772613144372	0.9997695431559475	0.2905438065216958	0.26047077174223554
I9.bmp	I9D2L2.bmp	73	 	23.8312505086263	34.359335289810915	0.8457565004535986	0.9991271195033662	0.3439128328351328	0.2599765115399202
I9.bmp	I9D2L3.bmp	38	 	93.31452178955078	28.431311260998594	0.6289783520264445	0.9953626591299903	0.41639817675648694	0.25802287572439975
I9.bmp	I9D2L4.bmp	35	 	275.9893989562988	23.721879601911073	0.4261968865050032	0.9816401882981911	0.47296762196403985	0.2529497043610234
I9.bmp	I9D2L5.bmp	25	 	656.2020772298177	19.960427600418686	0.28422150812160346	0.9558799348812066	0.5121929922915751	0.2443324107217571
I9.bmp	I9D3L1.bmp	77	 	4.5380859375	41.56207645028854	0.9650908830843464	0.9998790836087301	0.2685355129582093	0.26023842015930543
I9.bmp	I9D3L2.bmp	67	 	10.369883219401041	37.97306495265301	0.9234134014973147	0.9996784274516095	0.3028661597689486	0.26013926665034
I9.bmp	I9D3L3.bmp	59	 	60.28422164916992	30.328767029130983	0.7070539118772231	0.9972861831886228	0.39413413255971136	0.2584123183948268
I9.bmp	I9D3L4.bmp	31	 	254.99546432495117	24.065479052816578	0.43687594705872607	0.9834041085275704	0.4680057015782768	0.253138355523114
I9.bmp	I9D3L5.bmp	20	 	530.7733154296875	20.88171280234199	0.31353758036067886	0.9656026787528422	0.5009161695651947	0.24721497202094475
I9.bmp	I9D4L1.bmp	67	 	70.7231839497884	29.635185565340308	0.9848732781214854	0.9982988095273773	0.3637020080614434	0.2640866835852307
I9.bmp	I9D4L2.bmp	74	 	17.791066487630207	35.628783781684625	0.9956894288489752	0.9996018236707599	0.3010748490366813	0.2620733203888469
I9.bmp	I9D4L3.bmp	53	 	17.791066487630207	35.628783781684625	0.9952654767806828	0.9996351556549384	0.2836443845997005	0.2598340085318274
I9.bmp	I9D4L4.bmp	42	 	70.7231839497884	29.635185565340308	0.9818214469471368	0.9985611864019257	0.3402100847501512	0.25953807406365637
I9.bmp	I9D4L5.bmp	16	 	281.74311955769855	23.632270419159095	0.9216326585434117	0.9939301888998551	0.4169768933683949	0.26089287548811163
I9.bmp	I9D5L1.bmp	68	 	71.56246948242188	29.583950420513325	0.9447832532256443	0.9999911346477688	0.2043608043659649	0.26056464535291135
I9.bmp	I9D5L2.bmp	74	 	143.67290751139322	26.557054801909242	0.8882906235961151	0.9926514593852969	0.42536772439913895	0.26461896654439276
I9.bmp	I9D5L3.bmp	52	 	211.33234659830728	24.88114385471979	0.8360252313134526	0.985665897621703	0.468155607823926	0.2638440375566734
I9.bmp	I9D5L4.bmp	31	 	275.1139030456543	23.735678225922243	0.7856521784163567	0.972525565013431	0.5078293000226091	0.26820160464012793
I9.bmp	I9D5L5.bmp	6	 	342.2802963256836	22.786984615644634	0.7411898306834526	0.9364775160252127	0.5759697207294642	0.2943012359083023
I9.bmp	I9D6L1.bmp	82	 	51.06979115804037	31.049162789884054	0.9683097559271058	0.9958241348887669	0.3984468315513198	0.26155760757148694
I9.bmp	I9D6L2.bmp	60	 	28.837561289469402	33.53121830316651	0.9761570707592023	0.9985974343574923	0.34357370676885807	0.2625188285866815
I9.bmp	I9D6L3.bmp	55	 	198.2136459350586	25.159468108685378	0.8499819954542477	0.976696405956314	0.496380290192915	0.26721979265489987
I9.bmp	I9D6L4.bmp	32	 	144.21598943074545	26.540669469714974	0.8884051176398037	0.9854800369876282	0.4673388064321817	0.26597597047470717
I9.bmp	I9D6L5.bmp	24	 	247.21850713094076	24.19999381328216	0.8180785378638568	0.9692291591691791	0.515365769206766	0.26887068944731096
I9.bmp	I9D7L1.bmp	68	 	10.038457234700521	38.114133876943235	0.981337935758491	0.9999710569964153	0.28371787555152383	0.2606569952676977
I9.bmp	I9D7L2.bmp	75	 	40.909036000569664	32.0126111516484	0.9298769438209913	0.9988957366381994	0.3780261465371862	0.26048734112796795
I9.bmp	I9D7L3.bmp	54	 	50.901861826578774	31.06346693143694	0.9158593031859247	0.9981167252332606	0.3934431495042237	0.26071958977812326
I9.bmp	I9D7L4.bmp	23	 	72.2942632039388	29.539765249526802	0.8853980892620332	0.9949582459250682	0.42572258894694026	0.26030386153472646
I9.bmp	I9D7L5.bmp	27	 	104.24243418375652	27.950358167567202	0.8436651196000877	0.987674088227521	0.4602688876487595	0.2607855460807189
I9.bmp	I9D8L1.bmp	83	 	0.0005442301432291666	80.77297768526063	0.9999940269430025	0.9999999855741706	0.09363660794637584	0.260669503988384
I9.bmp	I9D8L2.bmp	56	 	18.39677556355794	35.48338650775126	0.9455464423346559	0.9979954561094596	0.3669386544172404	0.26162428389074993
I9.bmp	I9D8L3.bmp	51	 	67.25514856974284	29.853548244634872	0.8846001178734872	0.9888024117309775	0.44045499999916216	0.26480538458612685
I9.bmp	I9D8L4.bmp	43	 	94.06571451822917	28.396490021462654	0.8574151840295796	0.9829888800595793	0.463347673162974	0.26658369459286513
I9.bmp	I9D8L5.bmp	14	 	129.59279759724936	27.004994955269403	0.8311691152147022	0.9785654204864851	0.47895187894915164	0.26501656529854933
I9.bmp	I9D9L1.bmp	77	 	0.6914965311686198	49.73290355017093	0.9954939022014244	0.9999860868947952	0.2142231871838076	0.26066814743041977
I9.bmp	I9D9L2.bmp	74	 	27.47720464070638	33.74107812642949	0.9405339174119094	0.998958873628764	0.34340937017384365	0.2604934507408747
I9.bmp	I9D9L3.bmp	55	 	35.77610397338867	32.59487316838517	0.9253056947930535	0.9981848253233152	0.36789209073204443	0.26055299874833737
I9.bmp	I9D9L4.bmp	21	 	54.78119913736979	30.744488263226792	0.8939167843721156	0.9950453287264815	0.4096541874348517	0.2601267677499422
I9.bmp	I9D9L5.bmp	24	 	84.85670344034831	28.843942048192947	0.8477897022039159	0.987729811867792	0.4522263360572571	0.260649919132587
