Original Image Name	Distorted Image Name	Score	 	mse	rmse	psnr	sg_essim
I1.bmp	I1D1L1.bmp	88	 	0.13	0.361	56.992	1.0
I1.bmp	I1D1L2.bmp	66	 	13.18	3.63	36.932	0.993
I1.bmp	I1D1L3.bmp	47	 	29.532	5.434	33.428	0.977
I1.bmp	I1D1L4.bmp	44	 	77.528	8.805	29.236	0.902
I1.bmp	I1D1L5.bmp	19	 	147.893	12.161	26.431	0.798
I1.bmp	I1D2L1.bmp	80	 	7.902	2.811	39.153	0.995
I1.bmp	I1D2L2.bmp	56	 	25.038	5.004	34.145	0.982
I1.bmp	I1D2L3.bmp	56	 	95.774	9.786	28.318	0.95
I1.bmp	I1D2L4.bmp	28	 	300.835	17.345	23.348	0.907
I1.bmp	I1D2L5.bmp	29	 	669.568	25.876	19.873	0.869
I1.bmp	I1D3L1.bmp	89	 	4.519	2.126	41.58	0.998
I1.bmp	I1D3L2.bmp	73	 	10.382	3.222	37.968	0.993
I1.bmp	I1D3L3.bmp	38	 	61.36	7.833	30.252	0.963
I1.bmp	I1D3L4.bmp	28	 	253.303	15.916	24.094	0.913
I1.bmp	I1D3L5.bmp	12	 	573.611	23.95	20.545	0.877
I1.bmp	I1D4L1.bmp	76	 	85.876	9.267	28.792	0.998
I1.bmp	I1D4L2.bmp	63	 	21.702	4.659	34.766	0.999
I1.bmp	I1D4L3.bmp	38	 	21.702	4.659	34.766	0.999
I1.bmp	I1D4L4.bmp	38	 	85.876	9.267	28.792	0.997
I1.bmp	I1D4L5.bmp	12	 	342.77	18.514	22.781	0.987
I1.bmp	I1D5L1.bmp	65	 	20.202	4.495	35.077	0.99
I1.bmp	I1D5L2.bmp	62	 	41.712	6.458	31.928	0.983
I1.bmp	I1D5L3.bmp	50	 	63.114	7.944	30.13	0.957
I1.bmp	I1D5L4.bmp	37	 	78.516	8.861	29.181	0.931
I1.bmp	I1D5L5.bmp	14	 	95.934	9.795	28.311	0.907
I1.bmp	I1D6L1.bmp	68	 	7.974	2.824	39.114	0.993
I1.bmp	I1D6L2.bmp	60	 	3.916	1.979	42.202	0.998
I1.bmp	I1D6L3.bmp	49	 	37.704	6.14	32.367	0.958
I1.bmp	I1D6L4.bmp	42	 	24.279	4.927	34.279	0.977
I1.bmp	I1D6L5.bmp	25	 	46.995	6.855	31.41	0.945
I1.bmp	I1D7L1.bmp	82	 	4.681	2.164	41.427	1.0
I1.bmp	I1D7L2.bmp	60	 	22.665	4.761	34.577	0.986
I1.bmp	I1D7L3.bmp	51	 	28.069	5.298	33.649	0.975
I1.bmp	I1D7L4.bmp	34	 	42.381	6.51	31.859	0.94
I1.bmp	I1D7L5.bmp	10	 	64.711	8.044	30.021	0.882
I1.bmp	I1D8L1.bmp	76	 	0.001	0.036	77.053	1.0
I1.bmp	I1D8L2.bmp	59	 	8.111	2.848	39.04	0.983
I1.bmp	I1D8L3.bmp	47	 	26.203	5.119	33.947	0.939
I1.bmp	I1D8L4.bmp	21	 	37.406	6.116	32.401	0.921
I1.bmp	I1D8L5.bmp	12	 	49.492	7.035	31.185	0.899
I1.bmp	I1D9L1.bmp	89	 	0.715	0.846	49.586	1.0
I1.bmp	I1D9L2.bmp	58	 	13.783	3.713	36.737	0.986
I1.bmp	I1D9L3.bmp	56	 	18.46	4.297	35.468	0.975
I1.bmp	I1D9L4.bmp	34	 	31.165	5.583	33.194	0.94
I1.bmp	I1D9L5.bmp	14	 	53.433	7.31	30.853	0.881
I2.bmp	I2D1L1.bmp	79	 	1.482	1.217	46.423	1.0
I2.bmp	I2D1L2.bmp	60	 	86.194	9.284	28.776	0.968
I2.bmp	I2D1L3.bmp	54	 	146.893	12.12	26.461	0.933
I2.bmp	I2D1L4.bmp	28	 	262.757	16.21	23.935	0.842
I2.bmp	I2D1L5.bmp	10	 	404.067	20.101	22.066	0.741
I2.bmp	I2D2L1.bmp	66	 	7.977	2.824	39.112	0.996
I2.bmp	I2D2L2.bmp	70	 	24.116	4.911	34.308	0.988
I2.bmp	I2D2L3.bmp	59	 	96.275	9.812	28.296	0.964
I2.bmp	I2D2L4.bmp	35	 	315.24	17.755	23.144	0.934
I2.bmp	I2D2L5.bmp	16	 	758.32	27.538	19.332	0.908
I2.bmp	I2D3L1.bmp	85	 	4.346	2.085	41.75	0.998
I2.bmp	I2D3L2.bmp	59	 	10.423	3.228	37.951	0.995
I2.bmp	I2D3L3.bmp	41	 	61.144	7.819	30.267	0.973
I2.bmp	I2D3L4.bmp	29	 	264.2	16.254	23.911	0.938
I2.bmp	I2D3L5.bmp	8	 	615.481	24.809	20.239	0.914
I2.bmp	I2D4L1.bmp	90	 	70.595	8.402	29.643	0.993
I2.bmp	I2D4L2.bmp	61	 	17.901	4.231	35.602	0.998
I2.bmp	I2D4L3.bmp	55	 	17.901	4.231	35.602	0.999
I2.bmp	I2D4L4.bmp	24	 	70.595	8.402	29.643	0.995
I2.bmp	I2D4L5.bmp	6	 	280.449	16.747	23.652	0.984
I2.bmp	I2D5L1.bmp	84	 	100.54	10.027	28.107	0.952
I2.bmp	I2D5L2.bmp	63	 	172.094	13.118	25.773	0.943
I2.bmp	I2D5L3.bmp	38	 	221.567	14.885	24.676	0.906
I2.bmp	I2D5L4.bmp	36	 	263.337	16.228	23.926	0.884
I2.bmp	I2D5L5.bmp	18	 	297.323	17.243	23.399	0.854
I2.bmp	I2D6L1.bmp	73	 	51.323	7.164	31.028	0.98
I2.bmp	I2D6L2.bmp	70	 	40.807	6.388	32.023	0.988
I2.bmp	I2D6L3.bmp	58	 	175.436	13.245	25.69	0.914
I2.bmp	I2D6L4.bmp	37	 	145.337	12.056	26.507	0.935
I2.bmp	I2D6L5.bmp	18	 	201.783	14.205	25.082	0.905
I2.bmp	I2D7L1.bmp	85	 	20.044	4.477	35.111	1.0
I2.bmp	I2D7L2.bmp	61	 	84.448	9.19	28.865	0.97
I2.bmp	I2D7L3.bmp	36	 	99.949	9.997	28.133	0.96
I2.bmp	I2D7L4.bmp	23	 	134.901	11.615	26.831	0.93
I2.bmp	I2D7L5.bmp	17	 	180.446	13.433	25.567	0.859
I2.bmp	I2D8L1.bmp	84	 	0.0	0.014	85.474	1.0
I2.bmp	I2D8L2.bmp	71	 	64.028	8.002	30.067	0.947
I2.bmp	I2D8L3.bmp	36	 	138.378	11.763	26.72	0.881
I2.bmp	I2D8L4.bmp	41	 	172.722	13.142	25.757	0.866
I2.bmp	I2D8L5.bmp	15	 	205.533	14.336	25.002	0.838
I2.bmp	I2D9L1.bmp	89	 	0.896	0.946	48.609	1.0
I2.bmp	I2D9L2.bmp	72	 	60.047	7.749	30.346	0.97
I2.bmp	I2D9L3.bmp	54	 	75.305	8.678	29.363	0.96
I2.bmp	I2D9L4.bmp	32	 	108.05	10.395	27.795	0.929
I2.bmp	I2D9L5.bmp	16	 	153.302	12.382	26.275	0.859
I3.bmp	I3D1L1.bmp	82	 	3.564	1.888	42.611	1.0
I3.bmp	I3D1L2.bmp	50	 	189.025	13.749	25.366	0.959
I3.bmp	I3D1L3.bmp	56	 	294.983	17.175	23.433	0.915
I3.bmp	I3D1L4.bmp	36	 	436.512	20.893	21.731	0.815
I3.bmp	I3D1L5.bmp	18	 	543.781	23.319	20.777	0.712
I3.bmp	I3D2L1.bmp	70	 	8.079	2.842	39.057	0.998
I3.bmp	I3D2L2.bmp	73	 	24.281	4.928	34.278	0.992
I3.bmp	I3D2L3.bmp	59	 	94.822	9.738	28.362	0.975
I3.bmp	I3D2L4.bmp	27	 	290.559	17.046	23.498	0.951
I3.bmp	I3D2L5.bmp	19	 	700.043	26.458	19.68	0.927
I3.bmp	I3D3L1.bmp	85	 	4.452	2.11	41.645	0.999
I3.bmp	I3D3L2.bmp	60	 	10.3	3.209	38.002	0.997
I3.bmp	I3D3L3.bmp	39	 	60.443	7.775	30.317	0.982
I3.bmp	I3D3L4.bmp	28	 	260.988	16.155	23.965	0.955
I3.bmp	I3D3L5.bmp	28	 	595.969	24.412	20.379	0.934
I3.bmp	I3D4L1.bmp	81	 	90.005	9.487	28.588	0.996
I3.bmp	I3D4L2.bmp	59	 	22.715	4.766	34.568	0.999
I3.bmp	I3D4L3.bmp	37	 	22.715	4.766	34.568	0.999
I3.bmp	I3D4L4.bmp	42	 	90.005	9.487	28.588	0.997
I3.bmp	I3D4L5.bmp	9	 	358.369	18.931	22.587	0.988
I3.bmp	I3D5L1.bmp	66	 	203.724	14.273	25.04	0.936
I3.bmp	I3D5L2.bmp	66	 	318.863	17.857	23.095	0.928
I3.bmp	I3D5L3.bmp	54	 	384.582	19.611	22.281	0.884
I3.bmp	I3D5L4.bmp	25	 	422.459	20.554	21.873	0.863
I3.bmp	I3D5L5.bmp	12	 	454.232	21.313	21.558	0.833
I3.bmp	I3D6L1.bmp	89	 	114.916	10.72	27.527	0.972
I3.bmp	I3D6L2.bmp	72	 	107.367	10.362	27.822	0.981
I3.bmp	I3D6L3.bmp	49	 	329.975	18.165	22.946	0.893
I3.bmp	I3D6L4.bmp	25	 	298.196	17.268	23.386	0.916
I3.bmp	I3D6L5.bmp	20	 	347.306	18.636	22.724	0.886
I3.bmp	I3D7L1.bmp	73	 	27.485	5.243	33.74	1.0
I3.bmp	I3D7L2.bmp	68	 	120.615	10.982	27.317	0.976
I3.bmp	I3D7L3.bmp	47	 	146.157	12.09	26.483	0.966
I3.bmp	I3D7L4.bmp	42	 	197.065	14.038	25.185	0.945
I3.bmp	I3D7L5.bmp	6	 	260.146	16.129	23.979	0.909
I3.bmp	I3D8L1.bmp	69	 	0.0	0.002	104.077	1.0
I3.bmp	I3D8L2.bmp	58	 	138.133	11.753	26.728	0.943
I3.bmp	I3D8L3.bmp	46	 	277.116	16.647	23.704	0.896
I3.bmp	I3D8L4.bmp	34	 	322.722	17.964	23.043	0.861
I3.bmp	I3D8L5.bmp	22	 	368.682	19.201	22.464	0.84
I3.bmp	I3D9L1.bmp	77	 	0.98	0.99	48.217	1.0
I3.bmp	I3D9L2.bmp	75	 	105.979	10.295	27.879	0.976
I3.bmp	I3D9L3.bmp	59	 	132.672	11.518	26.903	0.966
I3.bmp	I3D9L4.bmp	22	 	185.456	13.618	25.448	0.945
I3.bmp	I3D9L5.bmp	11	 	249.913	15.809	24.153	0.909
I4.bmp	I4D1L1.bmp	79	 	0.894	0.946	48.617	1.0
I4.bmp	I4D1L2.bmp	74	 	62.555	7.909	30.168	0.985
I4.bmp	I4D1L3.bmp	43	 	124.239	11.146	27.188	0.963
I4.bmp	I4D1L4.bmp	29	 	287.576	16.958	23.543	0.897
I4.bmp	I4D1L5.bmp	17	 	533.62	23.1	20.858	0.816
I4.bmp	I4D2L1.bmp	73	 	7.996	2.828	39.102	0.996
I4.bmp	I4D2L2.bmp	66	 	25.097	5.01	34.135	0.987
I4.bmp	I4D2L3.bmp	44	 	96.38	9.817	28.291	0.964
I4.bmp	I4D2L4.bmp	25	 	304.562	17.452	23.294	0.934
I4.bmp	I4D2L5.bmp	16	 	764.257	27.645	19.298	0.9
I4.bmp	I4D3L1.bmp	78	 	4.532	2.129	41.568	0.998
I4.bmp	I4D3L2.bmp	56	 	10.229	3.198	38.032	0.995
I4.bmp	I4D3L3.bmp	50	 	60.2	7.759	30.335	0.974
I4.bmp	I4D3L4.bmp	21	 	266.314	16.319	23.877	0.939
I4.bmp	I4D3L5.bmp	24	 	626.529	25.031	20.161	0.911
I4.bmp	I4D4L1.bmp	68	 	72.934	8.54	29.501	0.995
I4.bmp	I4D4L2.bmp	68	 	18.506	4.302	35.458	0.999
I4.bmp	I4D4L3.bmp	43	 	18.506	4.302	35.458	0.999
I4.bmp	I4D4L4.bmp	31	 	72.934	8.54	29.501	0.996
I4.bmp	I4D4L5.bmp	22	 	289.741	17.022	23.511	0.986
I4.bmp	I4D5L1.bmp	81	 	86.11	9.28	28.78	0.978
I4.bmp	I4D5L2.bmp	72	 	166.995	12.923	25.904	0.969
I4.bmp	I4D5L3.bmp	49	 	233.25	15.273	24.453	0.944
I4.bmp	I4D5L4.bmp	20	 	300.945	17.348	23.346	0.919
I4.bmp	I4D5L5.bmp	20	 	349.445	18.693	22.697	0.9
I4.bmp	I4D6L1.bmp	72	 	49.101	7.007	31.22	0.988
I4.bmp	I4D6L2.bmp	73	 	30.482	5.521	33.29	0.994
I4.bmp	I4D6L3.bmp	48	 	198.708	14.096	25.149	0.946
I4.bmp	I4D6L4.bmp	30	 	146.241	12.093	26.48	0.964
I4.bmp	I4D6L5.bmp	13	 	244.582	15.639	24.247	0.935
I4.bmp	I4D7L1.bmp	71	 	6.829	2.613	39.787	1.0
I4.bmp	I4D7L2.bmp	67	 	44.12	6.642	31.684	0.984
I4.bmp	I4D7L3.bmp	56	 	55.8	7.47	30.664	0.975
I4.bmp	I4D7L4.bmp	31	 	83.016	9.111	28.939	0.94
I4.bmp	I4D7L5.bmp	9	 	122.761	11.08	27.24	0.894
I4.bmp	I4D8L1.bmp	66	 	0.0	0.019	82.726	1.0
I4.bmp	I4D8L2.bmp	59	 	33.615	5.798	32.866	0.964
I4.bmp	I4D8L3.bmp	56	 	112.028	10.584	27.638	0.918
I4.bmp	I4D8L4.bmp	30	 	152.778	12.36	26.29	0.906
I4.bmp	I4D8L5.bmp	25	 	198.288	14.081	25.158	0.891
I4.bmp	I4D9L1.bmp	84	 	0.832	0.912	48.93	1.0
I4.bmp	I4D9L2.bmp	63	 	33.852	5.818	32.835	0.984
I4.bmp	I4D9L3.bmp	46	 	44.615	6.679	31.636	0.974
I4.bmp	I4D9L4.bmp	42	 	69.996	8.366	29.68	0.94
I4.bmp	I4D9L5.bmp	27	 	107.299	10.359	27.825	0.894
I5.bmp	I5D1L1.bmp	73	 	0.354	0.595	52.638	1.0
I5.bmp	I5D1L2.bmp	64	 	23.912	4.89	34.345	0.993
I5.bmp	I5D1L3.bmp	40	 	44.392	6.663	31.658	0.984
I5.bmp	I5D1L4.bmp	38	 	92.747	9.631	28.458	0.957
I5.bmp	I5D1L5.bmp	19	 	174.33	13.203	25.717	0.913
I5.bmp	I5D2L1.bmp	66	 	8.027	2.833	39.085	0.994
I5.bmp	I5D2L2.bmp	72	 	24.61	4.961	34.22	0.982
I5.bmp	I5D2L3.bmp	49	 	96.61	9.829	28.281	0.949
I5.bmp	I5D2L4.bmp	41	 	310.911	17.633	23.204	0.912
I5.bmp	I5D2L5.bmp	14	 	792.251	28.147	19.142	0.873
I5.bmp	I5D3L1.bmp	68	 	4.532	2.129	41.568	0.997
I5.bmp	I5D3L2.bmp	66	 	10.585	3.253	37.884	0.993
I5.bmp	I5D3L3.bmp	37	 	62.897	7.931	30.145	0.962
I5.bmp	I5D3L4.bmp	43	 	268.92	16.399	23.835	0.917
I5.bmp	I5D3L5.bmp	13	 	631.247	25.125	20.129	0.883
I5.bmp	I5D4L1.bmp	68	 	92.005	9.592	28.493	0.993
I5.bmp	I5D4L2.bmp	58	 	23.366	4.834	34.445	0.998
I5.bmp	I5D4L3.bmp	47	 	23.366	4.834	34.445	0.999
I5.bmp	I5D4L4.bmp	37	 	92.005	9.592	28.493	0.996
I5.bmp	I5D4L5.bmp	8	 	365.121	19.108	22.506	0.987
I5.bmp	I5D5L1.bmp	70	 	31.134	5.58	33.198	0.99
I5.bmp	I5D5L2.bmp	54	 	59.087	7.687	30.416	0.986
I5.bmp	I5D5L3.bmp	57	 	81.443	9.025	29.022	0.977
I5.bmp	I5D5L4.bmp	27	 	101.753	10.087	28.055	0.964
I5.bmp	I5D5L5.bmp	14	 	118.802	10.9	27.383	0.953
I5.bmp	I5D6L1.bmp	69	 	13.06	3.614	36.971	0.996
I5.bmp	I5D6L2.bmp	58	 	7.41	2.722	39.433	0.998
I5.bmp	I5D6L3.bmp	59	 	54.891	7.409	30.736	0.98
I5.bmp	I5D6L4.bmp	21	 	40.542	6.367	32.052	0.987
I5.bmp	I5D6L5.bmp	11	 	66.349	8.146	29.912	0.976
I5.bmp	I5D7L1.bmp	84	 	3.159	1.777	43.135	1.0
I5.bmp	I5D7L2.bmp	57	 	19.563	4.423	35.216	0.989
I5.bmp	I5D7L3.bmp	54	 	25.757	5.075	34.022	0.982
I5.bmp	I5D7L4.bmp	45	 	41.453	6.438	31.955	0.957
I5.bmp	I5D7L5.bmp	22	 	68.148	8.255	29.796	0.907
I5.bmp	I5D8L1.bmp	87	 	0.001	0.026	79.7	1.0
I5.bmp	I5D8L2.bmp	54	 	5.496	2.344	40.73	0.991
I5.bmp	I5D8L3.bmp	40	 	21.401	4.626	34.826	0.968
I5.bmp	I5D8L4.bmp	28	 	34.084	5.838	32.805	0.96
I5.bmp	I5D8L5.bmp	18	 	48.8	6.986	31.247	0.948
I5.bmp	I5D9L1.bmp	83	 	0.661	0.813	49.926	1.0
I5.bmp	I5D9L2.bmp	65	 	14.319	3.784	36.572	0.989
I5.bmp	I5D9L3.bmp	52	 	19.768	4.446	35.171	0.982
I5.bmp	I5D9L4.bmp	44	 	34.122	5.841	32.801	0.957
I5.bmp	I5D9L5.bmp	25	 	58.526	7.65	30.457	0.905
I6.bmp	I6D1L1.bmp	69	 	6.597	2.569	39.937	1.0
I6.bmp	I6D1L2.bmp	65	 	365.208	19.11	22.505	0.956
I6.bmp	I6D1L3.bmp	59	 	595.983	24.413	20.378	0.911
I6.bmp	I6D1L4.bmp	44	 	959.714	30.979	18.309	0.799
I6.bmp	I6D1L5.bmp	22	 	1270.184	35.64	17.092	0.673
I6.bmp	I6D2L1.bmp	89	 	7.797	2.792	39.211	0.999
I6.bmp	I6D2L2.bmp	69	 	24.104	4.91	34.31	0.995
I6.bmp	I6D2L3.bmp	48	 	93.854	9.688	28.406	0.983
I6.bmp	I6D2L4.bmp	28	 	295.178	17.181	23.43	0.966
I6.bmp	I6D2L5.bmp	29	 	729.15	27.003	19.503	0.946
I6.bmp	I6D3L1.bmp	72	 	4.471	2.114	41.627	0.999
I6.bmp	I6D3L2.bmp	65	 	10.225	3.198	38.034	0.998
I6.bmp	I6D3L3.bmp	53	 	60.369	7.77	30.323	0.988
I6.bmp	I6D3L4.bmp	43	 	258.868	16.089	24.0	0.968
I6.bmp	I6D3L5.bmp	29	 	602.731	24.551	20.33	0.951
I6.bmp	I6D4L1.bmp	68	 	90.087	9.491	28.584	0.995
I6.bmp	I6D4L2.bmp	56	 	22.841	4.779	34.544	0.999
I6.bmp	I6D4L3.bmp	52	 	22.841	4.779	34.544	0.999
I6.bmp	I6D4L4.bmp	23	 	90.087	9.491	28.584	0.997
I6.bmp	I6D4L5.bmp	24	 	358.059	18.922	22.591	0.989
I6.bmp	I6D5L1.bmp	81	 	405.341	20.133	22.053	0.934
I6.bmp	I6D5L2.bmp	69	 	664.694	25.782	19.905	0.924
I6.bmp	I6D5L3.bmp	55	 	829.808	28.806	18.941	0.879
I6.bmp	I6D5L4.bmp	44	 	943.514	30.717	18.383	0.852
I6.bmp	I6D5L5.bmp	21	 	1026.104	32.033	18.019	0.819
I6.bmp	I6D6L1.bmp	75	 	213.093	14.598	24.845	0.972
I6.bmp	I6D6L2.bmp	68	 	182.706	13.517	25.513	0.982
I6.bmp	I6D6L3.bmp	52	 	703.786	26.529	19.656	0.891
I6.bmp	I6D6L4.bmp	35	 	590.305	24.296	20.42	0.916
I6.bmp	I6D6L5.bmp	14	 	773.2	27.806	19.248	0.882
I6.bmp	I6D7L1.bmp	68	 	35.743	5.979	32.599	1.0
I6.bmp	I6D7L2.bmp	58	 	171.39	13.092	25.791	0.981
I6.bmp	I6D7L3.bmp	52	 	211.467	14.542	24.878	0.973
I6.bmp	I6D7L4.bmp	42	 	291.954	17.087	23.478	0.958
I6.bmp	I6D7L5.bmp	16	 	389.483	19.735	22.226	0.934
I6.bmp	I6D8L1.bmp	69	 	0.0	0.011	87.45	1.0
I6.bmp	I6D8L2.bmp	53	 	263.137	16.221	23.929	0.932
I6.bmp	I6D8L3.bmp	43	 	558.447	23.631	20.661	0.861
I6.bmp	I6D8L4.bmp	27	 	650.108	25.497	20.001	0.827
I6.bmp	I6D8L5.bmp	15	 	749.372	27.375	19.384	0.813
I6.bmp	I6D9L1.bmp	74	 	1.017	1.008	48.059	1.0
I6.bmp	I6D9L2.bmp	65	 	152.335	12.342	26.303	0.981
I6.bmp	I6D9L3.bmp	52	 	194.252	13.937	25.247	0.973
I6.bmp	I6D9L4.bmp	41	 	277.444	16.657	23.699	0.958
I6.bmp	I6D9L5.bmp	29	 	377.143	19.42	22.366	0.933
I7.bmp	I7D1L1.bmp	84	 	2.566	1.602	44.038	1.0
I7.bmp	I7D1L2.bmp	59	 	161.445	12.706	26.051	0.977
I7.bmp	I7D1L3.bmp	43	 	287.262	16.949	23.548	0.954
I7.bmp	I7D1L4.bmp	26	 	559.684	23.658	20.651	0.885
I7.bmp	I7D1L5.bmp	29	 	927.903	30.461	18.456	0.807
I7.bmp	I7D2L1.bmp	69	 	7.543	2.746	39.355	0.996
I7.bmp	I7D2L2.bmp	57	 	24.189	4.918	34.295	0.986
I7.bmp	I7D2L3.bmp	49	 	92.28	9.606	28.48	0.956
I7.bmp	I7D2L4.bmp	39	 	290.238	17.036	23.503	0.909
I7.bmp	I7D2L5.bmp	25	 	739.062	27.186	19.444	0.87
I7.bmp	I7D3L1.bmp	83	 	4.244	2.06	41.853	0.998
I7.bmp	I7D3L2.bmp	70	 	9.585	3.096	38.315	0.996
I7.bmp	I7D3L3.bmp	46	 	57.147	7.56	30.561	0.97
I7.bmp	I7D3L4.bmp	32	 	253.545	15.923	24.09	0.919
I7.bmp	I7D3L5.bmp	12	 	588.742	24.264	20.432	0.881
I7.bmp	I7D4L1.bmp	79	 	92.216	9.603	28.483	0.996
I7.bmp	I7D4L2.bmp	70	 	23.359	4.833	34.446	0.999
I7.bmp	I7D4L3.bmp	54	 	23.359	4.833	34.446	0.999
I7.bmp	I7D4L4.bmp	21	 	92.216	9.603	28.483	0.997
I7.bmp	I7D4L5.bmp	10	 	366.452	19.143	22.491	0.991
I7.bmp	I7D5L1.bmp	85	 	201.153	14.183	25.096	0.967
I7.bmp	I7D5L2.bmp	56	 	358.588	18.936	22.585	0.961
I7.bmp	I7D5L3.bmp	51	 	483.433	21.987	21.287	0.932
I7.bmp	I7D5L4.bmp	23	 	564.508	23.759	20.614	0.913
I7.bmp	I7D5L5.bmp	30	 	671.682	25.917	19.859	0.889
I7.bmp	I7D6L1.bmp	77	 	116.156	10.778	27.48	0.984
I7.bmp	I7D6L2.bmp	53	 	91.805	9.582	28.502	0.989
I7.bmp	I7D6L3.bmp	49	 	399.634	19.991	22.114	0.934
I7.bmp	I7D6L4.bmp	22	 	322.447	17.957	23.046	0.953
I7.bmp	I7D6L5.bmp	18	 	464.885	21.561	21.457	0.923
I7.bmp	I7D7L1.bmp	71	 	16.654	4.081	35.916	1.0
I7.bmp	I7D7L2.bmp	75	 	75.066	8.664	29.376	0.981
I7.bmp	I7D7L3.bmp	36	 	93.599	9.675	28.418	0.973
I7.bmp	I7D7L4.bmp	34	 	134.043	11.578	26.858	0.953
I7.bmp	I7D7L5.bmp	13	 	185.959	13.637	25.437	0.921
I7.bmp	I7D8L1.bmp	67	 	0.0	0.002	101.075	1.0
I7.bmp	I7D8L2.bmp	64	 	61.619	7.85	30.234	0.956
I7.bmp	I7D8L3.bmp	47	 	199.771	14.134	25.125	0.916
I7.bmp	I7D8L4.bmp	29	 	268.302	16.38	23.845	0.906
I7.bmp	I7D8L5.bmp	19	 	330.784	18.187	22.935	0.893
I7.bmp	I7D9L1.bmp	82	 	0.878	0.937	48.694	1.0
I7.bmp	I7D9L2.bmp	68	 	63.684	7.98	30.09	0.981
I7.bmp	I7D9L3.bmp	36	 	82.078	9.06	28.989	0.973
I7.bmp	I7D9L4.bmp	24	 	122.309	11.059	27.256	0.953
I7.bmp	I7D9L5.bmp	11	 	174.771	13.22	25.706	0.921
I8.bmp	I8D1L1.bmp	81	 	1.347	1.161	46.836	1.0
I8.bmp	I8D1L2.bmp	64	 	71.835	8.476	29.567	0.989
I8.bmp	I8D1L3.bmp	36	 	109.353	10.457	27.743	0.977
I8.bmp	I8D1L4.bmp	42	 	178.39	13.356	25.617	0.941
I8.bmp	I8D1L5.bmp	11	 	273.616	16.541	23.759	0.894
I8.bmp	I8D2L1.bmp	87	 	8.202	2.864	38.991	0.995
I8.bmp	I8D2L2.bmp	52	 	24.688	4.969	34.206	0.98
I8.bmp	I8D2L3.bmp	49	 	98.271	9.913	28.207	0.934
I8.bmp	I8D2L4.bmp	29	 	289.089	17.003	23.52	0.882
I8.bmp	I8D2L5.bmp	10	 	709.889	26.644	19.619	0.829
I8.bmp	I8D3L1.bmp	80	 	4.476	2.116	41.622	0.998
I8.bmp	I8D3L2.bmp	61	 	10.661	3.265	37.853	0.993
I8.bmp	I8D3L3.bmp	43	 	61.348	7.833	30.253	0.955
I8.bmp	I8D3L4.bmp	39	 	267.076	16.342	23.864	0.883
I8.bmp	I8D3L5.bmp	28	 	598.575	24.466	20.36	0.836
I8.bmp	I8D4L1.bmp	88	 	76.402	8.741	29.3	0.998
I8.bmp	I8D4L2.bmp	63	 	19.285	4.391	35.279	0.999
I8.bmp	I8D4L3.bmp	49	 	19.285	4.391	35.279	1.0
I8.bmp	I8D4L4.bmp	23	 	76.402	8.741	29.3	0.998
I8.bmp	I8D4L5.bmp	7	 	303.751	17.428	23.306	0.994
I8.bmp	I8D5L1.bmp	85	 	78.448	8.857	29.185	0.984
I8.bmp	I8D5L2.bmp	73	 	124.508	11.158	27.179	0.981
I8.bmp	I8D5L3.bmp	47	 	156.536	12.511	26.185	0.966
I8.bmp	I8D5L4.bmp	21	 	182.629	13.514	25.515	0.953
I8.bmp	I8D5L5.bmp	14	 	205.166	14.324	25.01	0.94
I8.bmp	I8D6L1.bmp	69	 	179.411	13.394	25.592	0.949
I8.bmp	I8D6L2.bmp	74	 	176.226	13.275	25.67	0.949
I8.bmp	I8D6L3.bmp	43	 	189.412	13.763	25.357	0.945
I8.bmp	I8D6L4.bmp	21	 	183.065	13.53	25.505	0.947
I8.bmp	I8D6L5.bmp	26	 	195.681	13.989	25.215	0.943
I8.bmp	I8D7L1.bmp	82	 	10.92	3.305	37.749	1.0
I8.bmp	I8D7L2.bmp	51	 	48.755	6.982	31.251	0.988
I8.bmp	I8D7L3.bmp	53	 	60.751	7.794	30.295	0.981
I8.bmp	I8D7L4.bmp	41	 	86.663	9.309	28.752	0.961
I8.bmp	I8D7L5.bmp	25	 	122.29	11.058	27.257	0.927
I8.bmp	I8D8L1.bmp	89	 	0.0	0.014	84.992	1.0
I8.bmp	I8D8L2.bmp	55	 	26.768	5.174	33.855	0.986
I8.bmp	I8D8L3.bmp	37	 	78.245	8.846	29.196	0.966
I8.bmp	I8D8L4.bmp	40	 	101.186	10.059	28.08	0.957
I8.bmp	I8D8L5.bmp	27	 	125.878	11.22	27.131	0.949
I8.bmp	I8D9L1.bmp	74	 	0.783	0.885	49.193	1.0
I8.bmp	I8D9L2.bmp	65	 	41.401	6.434	31.961	0.989
I8.bmp	I8D9L3.bmp	45	 	53.482	7.313	30.849	0.981
I8.bmp	I8D9L4.bmp	32	 	78.851	8.88	29.163	0.961
I8.bmp	I8D9L5.bmp	28	 	113.929	10.674	27.564	0.926
I9.bmp	I9D1L1.bmp	77	 	0.688	0.83	49.754	1.0
I9.bmp	I9D1L2.bmp	67	 	47.114	6.864	31.399	0.992
I9.bmp	I9D1L3.bmp	46	 	94.814	9.737	28.362	0.981
I9.bmp	I9D1L4.bmp	20	 	234.939	15.328	24.421	0.941
I9.bmp	I9D1L5.bmp	19	 	536.692	23.167	20.834	0.876
I9.bmp	I9D2L1.bmp	69	 	7.578	2.753	39.335	0.996
I9.bmp	I9D2L2.bmp	73	 	23.831	4.882	34.359	0.986
I9.bmp	I9D2L3.bmp	38	 	93.315	9.66	28.431	0.957
I9.bmp	I9D2L4.bmp	35	 	275.989	16.613	23.722	0.921
I9.bmp	I9D2L5.bmp	25	 	656.202	25.616	19.96	0.888
I9.bmp	I9D3L1.bmp	77	 	4.538	2.13	41.562	0.998
I9.bmp	I9D3L2.bmp	67	 	10.37	3.22	37.973	0.995
I9.bmp	I9D3L3.bmp	59	 	60.284	7.764	30.329	0.969
I9.bmp	I9D3L4.bmp	31	 	254.995	15.969	24.065	0.924
I9.bmp	I9D3L5.bmp	20	 	530.773	23.039	20.882	0.898
I9.bmp	I9D4L1.bmp	67	 	70.723	8.41	29.635	0.997
I9.bmp	I9D4L2.bmp	74	 	17.791	4.218	35.629	0.999
I9.bmp	I9D4L3.bmp	53	 	17.791	4.218	35.629	0.999
I9.bmp	I9D4L4.bmp	42	 	70.723	8.41	29.635	0.996
I9.bmp	I9D4L5.bmp	16	 	281.743	16.785	23.632	0.983
I9.bmp	I9D5L1.bmp	68	 	71.562	8.459	29.584	0.989
I9.bmp	I9D5L2.bmp	74	 	143.673	11.986	26.557	0.983
I9.bmp	I9D5L3.bmp	52	 	211.332	14.537	24.881	0.97
I9.bmp	I9D5L4.bmp	31	 	275.114	16.587	23.736	0.949
I9.bmp	I9D5L5.bmp	6	 	342.28	18.501	22.787	0.935
I9.bmp	I9D6L1.bmp	82	 	51.07	7.146	31.049	0.99
I9.bmp	I9D6L2.bmp	60	 	28.838	5.37	33.531	0.996
I9.bmp	I9D6L3.bmp	55	 	198.214	14.079	25.159	0.959
I9.bmp	I9D6L4.bmp	32	 	144.216	12.009	26.541	0.973
I9.bmp	I9D6L5.bmp	24	 	247.219	15.723	24.2	0.948
I9.bmp	I9D7L1.bmp	68	 	10.038	3.168	38.114	1.0
I9.bmp	I9D7L2.bmp	75	 	40.909	6.396	32.013	0.99
I9.bmp	I9D7L3.bmp	54	 	50.902	7.135	31.063	0.984
I9.bmp	I9D7L4.bmp	23	 	72.294	8.503	29.54	0.964
I9.bmp	I9D7L5.bmp	27	 	104.242	10.21	27.95	0.933
I9.bmp	I9D8L1.bmp	83	 	0.001	0.023	80.773	1.0
I9.bmp	I9D8L2.bmp	56	 	18.397	4.289	35.483	0.984
I9.bmp	I9D8L3.bmp	51	 	67.255	8.201	29.854	0.957
I9.bmp	I9D8L4.bmp	43	 	94.066	9.699	28.396	0.944
I9.bmp	I9D8L5.bmp	14	 	129.593	11.384	27.005	0.938
I9.bmp	I9D9L1.bmp	77	 	0.691	0.832	49.733	1.0
I9.bmp	I9D9L2.bmp	74	 	27.477	5.242	33.741	0.99
I9.bmp	I9D9L3.bmp	55	 	35.776	5.981	32.595	0.984
I9.bmp	I9D9L4.bmp	21	 	54.781	7.401	30.744	0.965
I9.bmp	I9D9L5.bmp	24	 	84.857	9.212	28.844	0.934
