Original Image Name	Distorted Image Name	Score	 	mse	psnr	ssim	sg_essim
I1.bmp	I1D1L1.bmp	88	 	0.13	56.992	1.0	1.0
I1.bmp	I1D1L2.bmp	66	 	6.629	39.916	0.968	0.993
I1.bmp	I1D1L3.bmp	47	 	11.86	37.39	0.93	0.977
I1.bmp	I1D1L4.bmp	44	 	24.935	34.163	0.82	0.902
I1.bmp	I1D1L5.bmp	19	 	39.034	32.216	0.725	0.798
I1.bmp	I1D2L1.bmp	80	 	7.902	39.153	0.926	0.995
I1.bmp	I1D2L2.bmp	56	 	24.844	34.179	0.804	0.982
I1.bmp	I1D2L3.bmp	56	 	61.075	30.272	0.544	0.95
I1.bmp	I1D2L4.bmp	28	 	84.659	28.854	0.305	0.907
I1.bmp	I1D2L5.bmp	29	 	96.651	28.279	0.184	0.869
I1.bmp	I1D3L1.bmp	89	 	4.519	41.58	0.958	0.998
I1.bmp	I1D3L2.bmp	73	 	10.382	37.968	0.907	0.993
I1.bmp	I1D3L3.bmp	38	 	61.36	30.252	0.638	0.963
I1.bmp	I1D3L4.bmp	28	 	88.405	28.666	0.336	0.913
I1.bmp	I1D3L5.bmp	12	 	101.668	28.059	0.203	0.877
I1.bmp	I1D4L1.bmp	76	 	85.876	28.792	0.972	0.998
I1.bmp	I1D4L2.bmp	63	 	21.702	34.766	0.992	0.999
I1.bmp	I1D4L3.bmp	38	 	21.702	34.766	0.99	0.999
I1.bmp	I1D4L4.bmp	38	 	85.876	28.792	0.956	0.997
I1.bmp	I1D4L5.bmp	12	 	103.394	27.986	0.79	0.987
I1.bmp	I1D5L1.bmp	65	 	8.406	38.885	0.956	0.99
I1.bmp	I1D5L2.bmp	62	 	13.514	36.823	0.909	0.983
I1.bmp	I1D5L3.bmp	50	 	18.183	35.534	0.863	0.957
I1.bmp	I1D5L4.bmp	37	 	21.989	34.709	0.823	0.931
I1.bmp	I1D5L5.bmp	14	 	25.244	34.109	0.787	0.907
I1.bmp	I1D6L1.bmp	68	 	4.655	41.452	0.981	0.993
I1.bmp	I1D6L2.bmp	60	 	2.681	43.848	0.988	0.998
I1.bmp	I1D6L3.bmp	49	 	15.928	36.109	0.894	0.958
I1.bmp	I1D6L4.bmp	42	 	11.223	37.63	0.929	0.977
I1.bmp	I1D6L5.bmp	25	 	19.2	35.298	0.867	0.945
I1.bmp	I1D7L1.bmp	82	 	3.229	43.039	0.983	1.0
I1.bmp	I1D7L2.bmp	60	 	14.734	36.448	0.915	0.986
I1.bmp	I1D7L3.bmp	51	 	18.037	35.569	0.897	0.975
I1.bmp	I1D7L4.bmp	34	 	25.836	34.009	0.859	0.94
I1.bmp	I1D7L5.bmp	10	 	37.568	32.383	0.811	0.882
I1.bmp	I1D8L1.bmp	76	 	0.001	77.053	1.0	1.0
I1.bmp	I1D8L2.bmp	59	 	7.896	39.157	0.951	0.983
I1.bmp	I1D8L3.bmp	47	 	20.609	34.99	0.884	0.939
I1.bmp	I1D8L4.bmp	21	 	25.727	34.027	0.856	0.921
I1.bmp	I1D8L5.bmp	12	 	30.886	33.233	0.824	0.899
I1.bmp	I1D9L1.bmp	89	 	0.715	49.586	0.993	1.0
I1.bmp	I1D9L2.bmp	58	 	11.06	37.693	0.933	0.986
I1.bmp	I1D9L3.bmp	56	 	14.317	36.572	0.914	0.975
I1.bmp	I1D9L4.bmp	34	 	22.617	34.587	0.871	0.94
I1.bmp	I1D9L5.bmp	14	 	35.193	32.666	0.82	0.881
I2.bmp	I2D1L1.bmp	79	 	1.469	46.46	0.997	1.0
I2.bmp	I2D1L2.bmp	60	 	30.674	33.263	0.823	0.968
I2.bmp	I2D1L3.bmp	54	 	39.18	32.2	0.715	0.933
I2.bmp	I2D1L4.bmp	28	 	50.989	31.056	0.563	0.842
I2.bmp	I2D1L5.bmp	10	 	61.833	30.219	0.475	0.741
I2.bmp	I2D2L1.bmp	66	 	7.977	39.112	0.96	0.996
I2.bmp	I2D2L2.bmp	70	 	23.886	34.349	0.891	0.988
I2.bmp	I2D2L3.bmp	59	 	60.991	30.278	0.698	0.964
I2.bmp	I2D2L4.bmp	35	 	84.682	28.853	0.461	0.934
I2.bmp	I2D2L5.bmp	16	 	95.245	28.342	0.301	0.908
I2.bmp	I2D3L1.bmp	85	 	4.346	41.75	0.979	0.998
I2.bmp	I2D3L2.bmp	59	 	10.423	37.951	0.949	0.995
I2.bmp	I2D3L3.bmp	41	 	61.144	30.267	0.776	0.973
I2.bmp	I2D3L4.bmp	29	 	90.309	28.574	0.494	0.938
I2.bmp	I2D3L5.bmp	8	 	100.169	28.123	0.333	0.914
I2.bmp	I2D4L1.bmp	90	 	70.595	29.643	0.974	0.993
I2.bmp	I2D4L2.bmp	61	 	17.901	35.602	0.993	0.998
I2.bmp	I2D4L3.bmp	55	 	17.901	35.602	0.994	0.999
I2.bmp	I2D4L4.bmp	24	 	70.595	29.643	0.976	0.995
I2.bmp	I2D4L5.bmp	6	 	94.011	28.399	0.908	0.984
I2.bmp	I2D5L1.bmp	84	 	31.343	33.169	0.827	0.952
I2.bmp	I2D5L2.bmp	63	 	39.719	32.141	0.711	0.943
I2.bmp	I2D5L3.bmp	38	 	44.712	31.627	0.636	0.906
I2.bmp	I2D5L4.bmp	36	 	48.075	31.312	0.585	0.884
I2.bmp	I2D5L5.bmp	18	 	50.77	31.075	0.544	0.854
I2.bmp	I2D6L1.bmp	73	 	20.821	34.946	0.915	0.98
I2.bmp	I2D6L2.bmp	70	 	19.478	35.235	0.913	0.988
I2.bmp	I2D6L3.bmp	58	 	41.551	31.945	0.687	0.914
I2.bmp	I2D6L4.bmp	37	 	37.478	32.393	0.732	0.935
I2.bmp	I2D6L5.bmp	18	 	44.316	31.665	0.654	0.905
I2.bmp	I2D7L1.bmp	85	 	8.722	38.725	0.972	1.0
I2.bmp	I2D7L2.bmp	61	 	37.45	32.396	0.813	0.97
I2.bmp	I2D7L3.bmp	36	 	41.798	31.919	0.78	0.96
I2.bmp	I2D7L4.bmp	23	 	49.231	31.208	0.714	0.93
I2.bmp	I2D7L5.bmp	17	 	58.185	30.483	0.64	0.859
I2.bmp	I2D8L1.bmp	84	 	0.0	85.474	1.0	1.0
I2.bmp	I2D8L2.bmp	71	 	39.548	32.16	0.792	0.947
I2.bmp	I2D8L3.bmp	36	 	52.892	30.897	0.642	0.881
I2.bmp	I2D8L4.bmp	41	 	56.059	30.644	0.607	0.866
I2.bmp	I2D8L5.bmp	15	 	58.476	30.461	0.574	0.838
I2.bmp	I2D9L1.bmp	89	 	0.896	48.609	0.996	1.0
I2.bmp	I2D9L2.bmp	72	 	34.723	32.725	0.837	0.97
I2.bmp	I2D9L3.bmp	54	 	39.235	32.194	0.802	0.96
I2.bmp	I2D9L4.bmp	32	 	46.865	31.422	0.732	0.929
I2.bmp	I2D9L5.bmp	16	 	56.517	30.609	0.653	0.859
I3.bmp	I3D1L1.bmp	82	 	3.461	42.739	0.997	1.0
I3.bmp	I3D1L2.bmp	50	 	49.838	31.155	0.747	0.959
I3.bmp	I3D1L3.bmp	56	 	58.935	30.427	0.588	0.915
I3.bmp	I3D1L4.bmp	36	 	69.013	29.742	0.402	0.815
I3.bmp	I3D1L5.bmp	18	 	77.13	29.259	0.327	0.712
I3.bmp	I3D2L1.bmp	70	 	8.079	39.057	0.973	0.998
I3.bmp	I3D2L2.bmp	73	 	24.176	34.297	0.927	0.992
I3.bmp	I3D2L3.bmp	59	 	59.739	30.368	0.796	0.975
I3.bmp	I3D2L4.bmp	27	 	83.103	28.935	0.612	0.951
I3.bmp	I3D2L5.bmp	19	 	98.053	28.216	0.439	0.927
I3.bmp	I3D3L1.bmp	85	 	4.452	41.645	0.986	0.999
I3.bmp	I3D3L2.bmp	60	 	10.3	38.002	0.967	0.997
I3.bmp	I3D3L3.bmp	39	 	60.443	30.317	0.851	0.982
I3.bmp	I3D3L4.bmp	28	 	88.915	28.641	0.632	0.955
I3.bmp	I3D3L5.bmp	28	 	100.47	28.11	0.471	0.934
I3.bmp	I3D4L1.bmp	81	 	90.005	28.588	0.973	0.996
I3.bmp	I3D4L2.bmp	59	 	22.715	34.568	0.993	0.999
I3.bmp	I3D4L3.bmp	37	 	22.715	34.568	0.992	0.999
I3.bmp	I3D4L4.bmp	42	 	90.005	28.588	0.968	0.997
I3.bmp	I3D4L5.bmp	9	 	99.316	28.161	0.857	0.988
I3.bmp	I3D5L1.bmp	66	 	49.848	31.154	0.767	0.936
I3.bmp	I3D5L2.bmp	66	 	58.175	30.483	0.6	0.928
I3.bmp	I3D5L3.bmp	54	 	62.884	30.145	0.502	0.884
I3.bmp	I3D5L4.bmp	25	 	65.846	29.945	0.445	0.863
I3.bmp	I3D5L5.bmp	12	 	67.872	29.814	0.405	0.833
I3.bmp	I3D6L1.bmp	89	 	38.617	32.263	0.878	0.972
I3.bmp	I3D6L2.bmp	72	 	37.955	32.338	0.869	0.981
I3.bmp	I3D6L3.bmp	49	 	60.785	30.293	0.554	0.893
I3.bmp	I3D6L4.bmp	25	 	57.924	30.502	0.598	0.916
I3.bmp	I3D6L5.bmp	20	 	62.142	30.197	0.533	0.886
I3.bmp	I3D7L1.bmp	73	 	13.206	36.923	0.968	1.0
I3.bmp	I3D7L2.bmp	68	 	49.643	31.172	0.839	0.976
I3.bmp	I3D7L3.bmp	47	 	53.879	30.817	0.807	0.966
I3.bmp	I3D7L4.bmp	42	 	60.602	30.306	0.743	0.945
I3.bmp	I3D7L5.bmp	6	 	67.022	29.869	0.666	0.909
I3.bmp	I3D8L1.bmp	69	 	0.0	104.077	1.0	1.0
I3.bmp	I3D8L2.bmp	58	 	56.515	30.609	0.77	0.943
I3.bmp	I3D8L3.bmp	46	 	68.117	29.798	0.585	0.896
I3.bmp	I3D8L4.bmp	34	 	70.223	29.666	0.51	0.861
I3.bmp	I3D8L5.bmp	22	 	72.848	29.507	0.467	0.84
I3.bmp	I3D9L1.bmp	77	 	0.98	48.217	0.997	1.0
I3.bmp	I3D9L2.bmp	75	 	48.76	31.25	0.847	0.976
I3.bmp	I3D9L3.bmp	59	 	53.094	30.88	0.814	0.966
I3.bmp	I3D9L4.bmp	22	 	60.082	30.343	0.747	0.945
I3.bmp	I3D9L5.bmp	11	 	66.597	29.896	0.667	0.909
I4.bmp	I4D1L1.bmp	79	 	0.894	48.618	0.999	1.0
I4.bmp	I4D1L2.bmp	74	 	22.487	34.612	0.924	0.985
I4.bmp	I4D1L3.bmp	43	 	31.951	33.086	0.852	0.963
I4.bmp	I4D1L4.bmp	29	 	48.214	31.299	0.693	0.897
I4.bmp	I4D1L5.bmp	17	 	63.723	30.088	0.567	0.816
I4.bmp	I4D2L1.bmp	73	 	7.996	39.102	0.948	0.996
I4.bmp	I4D2L2.bmp	66	 	24.894	34.17	0.862	0.987
I4.bmp	I4D2L3.bmp	44	 	61.367	30.251	0.667	0.964
I4.bmp	I4D2L4.bmp	25	 	84.859	28.844	0.465	0.934
I4.bmp	I4D2L5.bmp	16	 	97.966	28.22	0.318	0.9
I4.bmp	I4D3L1.bmp	78	 	4.532	41.568	0.971	0.998
I4.bmp	I4D3L2.bmp	56	 	10.229	38.032	0.936	0.995
I4.bmp	I4D3L3.bmp	50	 	60.2	30.335	0.744	0.974
I4.bmp	I4D3L4.bmp	21	 	90.387	28.57	0.487	0.939
I4.bmp	I4D3L5.bmp	24	 	101.033	28.086	0.347	0.911
I4.bmp	I4D4L1.bmp	68	 	72.934	29.501	0.979	0.995
I4.bmp	I4D4L2.bmp	68	 	18.506	35.458	0.994	0.999
I4.bmp	I4D4L3.bmp	43	 	18.506	35.458	0.994	0.999
I4.bmp	I4D4L4.bmp	31	 	72.934	29.501	0.978	0.996
I4.bmp	I4D4L5.bmp	22	 	89.068	28.634	0.907	0.986
I4.bmp	I4D5L1.bmp	81	 	24.813	34.184	0.912	0.978
I4.bmp	I4D5L2.bmp	72	 	32.293	33.04	0.828	0.969
I4.bmp	I4D5L3.bmp	49	 	37.998	32.333	0.76	0.944
I4.bmp	I4D5L4.bmp	20	 	42.643	31.832	0.697	0.919
I4.bmp	I4D5L5.bmp	20	 	46.034	31.5	0.653	0.9
I4.bmp	I4D6L1.bmp	72	 	18.268	35.514	0.956	0.988
I4.bmp	I4D6L2.bmp	73	 	13.995	36.671	0.964	0.994
I4.bmp	I4D6L3.bmp	48	 	37.036	32.445	0.787	0.946
I4.bmp	I4D6L4.bmp	30	 	31.365	33.166	0.838	0.964
I4.bmp	I4D6L5.bmp	13	 	40.963	32.007	0.749	0.935
I4.bmp	I4D7L1.bmp	71	 	5.584	40.662	0.986	1.0
I4.bmp	I4D7L2.bmp	67	 	26.334	33.926	0.912	0.984
I4.bmp	I4D7L3.bmp	56	 	30.563	33.279	0.894	0.975
I4.bmp	I4D7L4.bmp	31	 	38.876	32.234	0.856	0.94
I4.bmp	I4D7L5.bmp	9	 	47.951	31.323	0.81	0.894
I4.bmp	I4D8L1.bmp	66	 	0.0	82.726	1.0	1.0
I4.bmp	I4D8L2.bmp	59	 	25.294	34.101	0.916	0.964
I4.bmp	I4D8L3.bmp	56	 	44.685	31.629	0.815	0.918
I4.bmp	I4D8L4.bmp	30	 	49.596	31.176	0.78	0.906
I4.bmp	I4D8L5.bmp	25	 	54.049	30.803	0.736	0.891
I4.bmp	I4D9L1.bmp	84	 	0.832	48.93	0.995	1.0
I4.bmp	I4D9L2.bmp	63	 	22.717	34.567	0.924	0.984
I4.bmp	I4D9L3.bmp	46	 	27.033	33.812	0.905	0.974
I4.bmp	I4D9L4.bmp	42	 	35.686	32.606	0.866	0.94
I4.bmp	I4D9L5.bmp	27	 	45.388	31.561	0.818	0.894
I5.bmp	I5D1L1.bmp	73	 	0.353	52.65	1.0	1.0
I5.bmp	I5D1L2.bmp	64	 	7.974	39.114	0.962	0.993
I5.bmp	I5D1L3.bmp	40	 	11.464	37.537	0.93	0.984
I5.bmp	I5D1L4.bmp	38	 	19.522	35.226	0.869	0.957
I5.bmp	I5D1L5.bmp	19	 	34.643	32.735	0.813	0.913
I5.bmp	I5D2L1.bmp	66	 	8.027	39.085	0.919	0.994
I5.bmp	I5D2L2.bmp	72	 	24.452	34.248	0.794	0.982
I5.bmp	I5D2L3.bmp	49	 	61.062	30.273	0.529	0.949
I5.bmp	I5D2L4.bmp	41	 	85.578	28.807	0.3	0.912
I5.bmp	I5D2L5.bmp	14	 	99.41	28.156	0.173	0.873
I5.bmp	I5D3L1.bmp	68	 	4.532	41.568	0.955	0.997
I5.bmp	I5D3L2.bmp	66	 	10.585	37.884	0.899	0.993
I5.bmp	I5D3L3.bmp	37	 	62.897	30.145	0.62	0.962
I5.bmp	I5D3L4.bmp	43	 	92.477	28.47	0.323	0.917
I5.bmp	I5D3L5.bmp	13	 	101.836	28.052	0.197	0.883
I5.bmp	I5D4L1.bmp	68	 	92.005	28.493	0.982	0.993
I5.bmp	I5D4L2.bmp	58	 	23.366	34.445	0.995	0.998
I5.bmp	I5D4L3.bmp	47	 	23.366	34.445	0.995	0.999
I5.bmp	I5D4L4.bmp	37	 	92.005	28.493	0.982	0.996
I5.bmp	I5D4L5.bmp	8	 	81.647	29.011	0.924	0.987
I5.bmp	I5D5L1.bmp	70	 	9.171	38.506	0.954	0.99
I5.bmp	I5D5L2.bmp	54	 	12.964	37.003	0.912	0.986
I5.bmp	I5D5L3.bmp	57	 	16.346	35.997	0.876	0.977
I5.bmp	I5D5L4.bmp	27	 	19.466	35.238	0.845	0.964
I5.bmp	I5D5L5.bmp	14	 	22.334	34.641	0.817	0.953
I5.bmp	I5D6L1.bmp	69	 	5.279	40.905	0.984	0.996
I5.bmp	I5D6L2.bmp	58	 	3.602	42.565	0.988	0.998
I5.bmp	I5D6L3.bmp	59	 	11.594	37.488	0.923	0.98
I5.bmp	I5D6L4.bmp	21	 	9.076	38.552	0.942	0.987
I5.bmp	I5D6L5.bmp	11	 	13.331	36.882	0.91	0.976
I5.bmp	I5D7L1.bmp	84	 	2.724	43.779	0.987	1.0
I5.bmp	I5D7L2.bmp	57	 	12.863	37.037	0.937	0.989
I5.bmp	I5D7L3.bmp	54	 	15.987	36.093	0.921	0.982
I5.bmp	I5D7L4.bmp	45	 	23.771	34.37	0.884	0.957
I5.bmp	I5D7L5.bmp	22	 	36.608	32.495	0.833	0.907
I5.bmp	I5D8L1.bmp	87	 	0.001	79.7	1.0	1.0
I5.bmp	I5D8L2.bmp	54	 	5.415	40.794	0.973	0.991
I5.bmp	I5D8L3.bmp	40	 	15.86	36.128	0.931	0.968
I5.bmp	I5D8L4.bmp	28	 	20.808	34.949	0.911	0.96
I5.bmp	I5D8L5.bmp	18	 	25.317	34.097	0.889	0.948
I5.bmp	I5D9L1.bmp	83	 	0.661	49.926	0.993	1.0
I5.bmp	I5D9L2.bmp	65	 	10.65	37.857	0.945	0.989
I5.bmp	I5D9L3.bmp	52	 	13.587	36.8	0.927	0.982
I5.bmp	I5D9L4.bmp	44	 	21.316	34.844	0.887	0.957
I5.bmp	I5D9L5.bmp	25	 	34.344	32.772	0.833	0.905
I6.bmp	I6D1L1.bmp	69	 	6.549	39.969	0.996	1.0
I6.bmp	I6D1L2.bmp	65	 	68.382	29.781	0.721	0.956
I6.bmp	I6D1L3.bmp	59	 	77.201	29.255	0.544	0.911
I6.bmp	I6D1L4.bmp	44	 	86.294	28.771	0.31	0.799
I6.bmp	I6D1L5.bmp	22	 	92.47	28.471	0.206	0.673
I6.bmp	I6D2L1.bmp	89	 	7.797	39.211	0.986	0.999
I6.bmp	I6D2L2.bmp	69	 	23.943	34.339	0.96	0.995
I6.bmp	I6D2L3.bmp	48	 	59.911	30.356	0.878	0.983
I6.bmp	I6D2L4.bmp	28	 	82.085	28.988	0.737	0.966
I6.bmp	I6D2L5.bmp	29	 	95.432	28.334	0.582	0.946
I6.bmp	I6D3L1.bmp	72	 	4.471	41.627	0.992	0.999
I6.bmp	I6D3L2.bmp	65	 	10.225	38.034	0.982	0.998
I6.bmp	I6D3L3.bmp	53	 	60.369	30.323	0.914	0.988
I6.bmp	I6D3L4.bmp	43	 	90.03	28.587	0.756	0.968
I6.bmp	I6D3L5.bmp	29	 	98.593	28.192	0.616	0.951
I6.bmp	I6D4L1.bmp	68	 	90.087	28.584	0.98	0.995
I6.bmp	I6D4L2.bmp	56	 	22.841	34.544	0.995	0.999
I6.bmp	I6D4L3.bmp	52	 	22.841	34.544	0.995	0.999
I6.bmp	I6D4L4.bmp	23	 	90.087	28.584	0.982	0.997
I6.bmp	I6D4L5.bmp	24	 	89.033	28.635	0.927	0.989
I6.bmp	I6D5L1.bmp	81	 	67.881	29.813	0.745	0.934
I6.bmp	I6D5L2.bmp	69	 	75.936	29.326	0.556	0.924
I6.bmp	I6D5L3.bmp	55	 	79.879	29.106	0.443	0.879
I6.bmp	I6D5L4.bmp	44	 	82.533	28.965	0.367	0.852
I6.bmp	I6D5L5.bmp	21	 	84.569	28.859	0.318	0.819
I6.bmp	I6D6L1.bmp	75	 	54.224	30.789	0.875	0.972
I6.bmp	I6D6L2.bmp	68	 	53.338	30.86	0.866	0.982
I6.bmp	I6D6L3.bmp	52	 	77.488	29.238	0.515	0.891
I6.bmp	I6D6L4.bmp	35	 	73.924	29.443	0.587	0.916
I6.bmp	I6D6L5.bmp	14	 	78.79	29.166	0.477	0.882
I6.bmp	I6D7L1.bmp	68	 	21.454	34.816	0.976	1.0
I6.bmp	I6D7L2.bmp	58	 	63.37	30.112	0.854	0.981
I6.bmp	I6D7L3.bmp	52	 	67.708	29.824	0.822	0.973
I6.bmp	I6D7L4.bmp	42	 	73.791	29.451	0.76	0.958
I6.bmp	I6D7L5.bmp	16	 	79.189	29.144	0.687	0.934
I6.bmp	I6D8L1.bmp	69	 	0.0	87.45	1.0	1.0
I6.bmp	I6D8L2.bmp	53	 	73.687	29.457	0.71	0.932
I6.bmp	I6D8L3.bmp	43	 	83.368	28.921	0.529	0.861
I6.bmp	I6D8L4.bmp	27	 	85.291	28.822	0.474	0.827
I6.bmp	I6D8L5.bmp	15	 	86.633	28.754	0.432	0.813
I6.bmp	I6D9L1.bmp	74	 	1.017	48.059	0.998	1.0
I6.bmp	I6D9L2.bmp	65	 	61.697	30.228	0.862	0.981
I6.bmp	I6D9L3.bmp	52	 	66.436	29.907	0.828	0.973
I6.bmp	I6D9L4.bmp	41	 	72.811	29.509	0.764	0.958
I6.bmp	I6D9L5.bmp	29	 	78.672	29.173	0.688	0.933
I7.bmp	I7D1L1.bmp	84	 	2.558	44.052	0.998	1.0
I7.bmp	I7D1L2.bmp	59	 	29.055	33.499	0.863	0.977
I7.bmp	I7D1L3.bmp	43	 	36.617	32.494	0.769	0.954
I7.bmp	I7D1L4.bmp	26	 	53.816	30.822	0.612	0.885
I7.bmp	I7D1L5.bmp	29	 	71.695	29.576	0.504	0.807
I7.bmp	I7D2L1.bmp	69	 	7.543	39.355	0.956	0.996
I7.bmp	I7D2L2.bmp	57	 	23.942	34.339	0.88	0.986
I7.bmp	I7D2L3.bmp	49	 	58.5	30.459	0.704	0.956
I7.bmp	I7D2L4.bmp	39	 	79.756	29.113	0.511	0.909
I7.bmp	I7D2L5.bmp	25	 	91.239	28.529	0.37	0.87
I7.bmp	I7D3L1.bmp	83	 	4.244	41.853	0.975	0.998
I7.bmp	I7D3L2.bmp	70	 	9.585	38.315	0.947	0.996
I7.bmp	I7D3L3.bmp	46	 	57.147	30.561	0.778	0.97
I7.bmp	I7D3L4.bmp	32	 	86.736	28.749	0.534	0.919
I7.bmp	I7D3L5.bmp	12	 	96.935	28.266	0.402	0.881
I7.bmp	I7D4L1.bmp	79	 	92.216	28.483	0.982	0.996
I7.bmp	I7D4L2.bmp	70	 	23.359	34.446	0.995	0.999
I7.bmp	I7D4L3.bmp	54	 	23.359	34.446	0.995	0.999
I7.bmp	I7D4L4.bmp	21	 	92.216	28.483	0.982	0.997
I7.bmp	I7D4L5.bmp	10	 	83.376	28.92	0.926	0.991
I7.bmp	I7D5L1.bmp	85	 	27.684	33.709	0.859	0.967
I7.bmp	I7D5L2.bmp	56	 	34.016	32.814	0.758	0.961
I7.bmp	I7D5L3.bmp	51	 	39.058	32.214	0.684	0.932
I7.bmp	I7D5L4.bmp	23	 	43.08	31.788	0.635	0.913
I7.bmp	I7D5L5.bmp	30	 	47.463	31.367	0.582	0.889
I7.bmp	I7D6L1.bmp	77	 	19.37	35.259	0.931	0.984
I7.bmp	I7D6L2.bmp	53	 	20.032	35.114	0.931	0.989
I7.bmp	I7D6L3.bmp	49	 	38.321	32.296	0.733	0.934
I7.bmp	I7D6L4.bmp	22	 	32.779	32.975	0.779	0.953
I7.bmp	I7D6L5.bmp	18	 	40.513	32.055	0.704	0.923
I7.bmp	I7D7L1.bmp	71	 	9.897	38.176	0.976	1.0
I7.bmp	I7D7L2.bmp	75	 	33.39	32.895	0.882	0.981
I7.bmp	I7D7L3.bmp	36	 	37.172	32.429	0.86	0.973
I7.bmp	I7D7L4.bmp	34	 	44.144	31.682	0.817	0.953
I7.bmp	I7D7L5.bmp	13	 	51.988	30.972	0.772	0.921
I7.bmp	I7D8L1.bmp	67	 	0.0	101.075	1.0	1.0
I7.bmp	I7D8L2.bmp	64	 	34.555	32.746	0.862	0.956
I7.bmp	I7D8L3.bmp	47	 	51.396	31.021	0.744	0.916
I7.bmp	I7D8L4.bmp	29	 	54.528	30.765	0.71	0.906
I7.bmp	I7D8L5.bmp	19	 	58.08	30.491	0.679	0.893
I7.bmp	I7D9L1.bmp	82	 	0.878	48.694	0.995	1.0
I7.bmp	I7D9L2.bmp	68	 	31.472	33.152	0.891	0.981
I7.bmp	I7D9L3.bmp	36	 	35.45	32.635	0.868	0.973
I7.bmp	I7D9L4.bmp	24	 	42.453	31.852	0.823	0.953
I7.bmp	I7D9L5.bmp	11	 	50.789	31.073	0.773	0.921
I8.bmp	I8D1L1.bmp	81	 	1.328	46.899	0.999	1.0
I8.bmp	I8D1L2.bmp	64	 	17.854	35.613	0.919	0.989
I8.bmp	I8D1L3.bmp	36	 	21.656	34.775	0.871	0.977
I8.bmp	I8D1L4.bmp	42	 	28.599	33.567	0.793	0.941
I8.bmp	I8D1L5.bmp	11	 	36.633	32.492	0.733	0.894
I8.bmp	I8D2L1.bmp	87	 	8.202	38.991	0.923	0.995
I8.bmp	I8D2L2.bmp	52	 	24.559	34.229	0.809	0.98
I8.bmp	I8D2L3.bmp	49	 	61.778	30.222	0.566	0.934
I8.bmp	I8D2L4.bmp	29	 	85.018	28.836	0.368	0.882
I8.bmp	I8D2L5.bmp	10	 	95.467	28.332	0.239	0.829
I8.bmp	I8D3L1.bmp	80	 	4.476	41.622	0.958	0.998
I8.bmp	I8D3L2.bmp	61	 	10.661	37.853	0.905	0.993
I8.bmp	I8D3L3.bmp	43	 	61.348	30.253	0.655	0.955
I8.bmp	I8D3L4.bmp	39	 	92.688	28.461	0.38	0.883
I8.bmp	I8D3L5.bmp	28	 	100.66	28.102	0.259	0.836
I8.bmp	I8D4L1.bmp	88	 	76.402	29.3	0.983	0.998
I8.bmp	I8D4L2.bmp	63	 	19.285	35.279	0.995	0.999
I8.bmp	I8D4L3.bmp	49	 	19.285	35.279	0.995	1.0
I8.bmp	I8D4L4.bmp	23	 	76.402	29.3	0.98	0.998
I8.bmp	I8D4L5.bmp	7	 	97.37	28.247	0.911	0.994
I8.bmp	I8D5L1.bmp	85	 	18.884	35.37	0.921	0.984
I8.bmp	I8D5L2.bmp	73	 	23.078	34.499	0.865	0.981
I8.bmp	I8D5L3.bmp	47	 	26.053	33.972	0.823	0.966
I8.bmp	I8D5L4.bmp	21	 	28.315	33.611	0.792	0.953
I8.bmp	I8D5L5.bmp	14	 	29.93	33.37	0.767	0.94
I8.bmp	I8D6L1.bmp	69	 	29.212	33.475	0.813	0.949
I8.bmp	I8D6L2.bmp	74	 	29.123	33.488	0.814	0.949
I8.bmp	I8D6L3.bmp	43	 	30.322	33.313	0.803	0.945
I8.bmp	I8D6L4.bmp	21	 	29.758	33.395	0.809	0.947
I8.bmp	I8D6L5.bmp	26	 	30.873	33.235	0.8	0.943
I8.bmp	I8D7L1.bmp	82	 	7.523	39.367	0.979	1.0
I8.bmp	I8D7L2.bmp	51	 	22.063	34.694	0.918	0.988
I8.bmp	I8D7L3.bmp	53	 	24.79	34.188	0.901	0.981
I8.bmp	I8D7L4.bmp	41	 	31.311	33.174	0.865	0.961
I8.bmp	I8D7L5.bmp	25	 	41.2	31.982	0.822	0.927
I8.bmp	I8D8L1.bmp	89	 	0.0	84.992	1.0	1.0
I8.bmp	I8D8L2.bmp	55	 	18.654	35.423	0.938	0.986
I8.bmp	I8D8L3.bmp	37	 	30.261	33.322	0.879	0.966
I8.bmp	I8D8L4.bmp	40	 	32.745	32.979	0.852	0.957
I8.bmp	I8D8L5.bmp	27	 	35.937	32.575	0.831	0.949
I8.bmp	I8D9L1.bmp	74	 	0.783	49.193	0.993	1.0
I8.bmp	I8D9L2.bmp	65	 	20.328	35.05	0.926	0.989
I8.bmp	I8D9L3.bmp	45	 	23.011	34.511	0.907	0.981
I8.bmp	I8D9L4.bmp	32	 	29.542	33.426	0.869	0.961
I8.bmp	I8D9L5.bmp	28	 	39.698	32.143	0.822	0.926
I9.bmp	I9D1L1.bmp	77	 	0.688	49.754	1.0	1.0
I9.bmp	I9D1L2.bmp	67	 	13.663	36.775	0.959	0.992
I9.bmp	I9D1L3.bmp	46	 	20.141	35.09	0.919	0.981
I9.bmp	I9D1L4.bmp	20	 	36.444	32.515	0.82	0.941
I9.bmp	I9D1L5.bmp	19	 	59.985	30.35	0.692	0.876
I9.bmp	I9D2L1.bmp	69	 	7.578	39.335	0.942	0.996
I9.bmp	I9D2L2.bmp	73	 	23.523	34.416	0.846	0.986
I9.bmp	I9D2L3.bmp	38	 	59.033	30.42	0.629	0.957
I9.bmp	I9D2L4.bmp	35	 	81.403	29.024	0.426	0.921
I9.bmp	I9D2L5.bmp	25	 	94.61	28.371	0.284	0.888
I9.bmp	I9D3L1.bmp	77	 	4.538	41.562	0.965	0.998
I9.bmp	I9D3L2.bmp	67	 	10.37	37.973	0.923	0.995
I9.bmp	I9D3L3.bmp	59	 	60.284	30.329	0.707	0.969
I9.bmp	I9D3L4.bmp	31	 	89.549	28.61	0.437	0.924
I9.bmp	I9D3L5.bmp	20	 	98.742	28.186	0.314	0.898
I9.bmp	I9D4L1.bmp	67	 	70.723	29.635	0.985	0.997
I9.bmp	I9D4L2.bmp	74	 	17.791	35.629	0.996	0.999
I9.bmp	I9D4L3.bmp	53	 	17.791	35.629	0.995	0.999
I9.bmp	I9D4L4.bmp	42	 	70.723	29.635	0.982	0.996
I9.bmp	I9D4L5.bmp	16	 	102.86	28.008	0.922	0.983
I9.bmp	I9D5L1.bmp	68	 	17.692	35.653	0.945	0.989
I9.bmp	I9D5L2.bmp	74	 	24.45	34.248	0.888	0.983
I9.bmp	I9D5L3.bmp	52	 	30.418	33.3	0.836	0.97
I9.bmp	I9D5L4.bmp	31	 	35.233	32.661	0.786	0.949
I9.bmp	I9D5L5.bmp	6	 	39.277	32.189	0.741	0.935
I9.bmp	I9D6L1.bmp	82	 	14.822	36.422	0.968	0.99
I9.bmp	I9D6L2.bmp	60	 	9.95	38.153	0.976	0.996
I9.bmp	I9D6L3.bmp	55	 	29.269	33.467	0.85	0.959
I9.bmp	I9D6L4.bmp	32	 	23.252	34.466	0.888	0.973
I9.bmp	I9D6L5.bmp	24	 	34.484	32.755	0.818	0.948
I9.bmp	I9D7L1.bmp	68	 	5.428	40.784	0.981	1.0
I9.bmp	I9D7L2.bmp	75	 	19.055	35.331	0.93	0.99
I9.bmp	I9D7L3.bmp	54	 	22.39	34.63	0.916	0.984
I9.bmp	I9D7L4.bmp	23	 	29.383	33.45	0.885	0.964
I9.bmp	I9D7L5.bmp	27	 	39.67	32.146	0.844	0.933
I9.bmp	I9D8L1.bmp	83	 	0.001	80.773	1.0	1.0
I9.bmp	I9D8L2.bmp	56	 	15.085	36.345	0.946	0.984
I9.bmp	I9D8L3.bmp	51	 	31.426	33.158	0.885	0.957
I9.bmp	I9D8L4.bmp	43	 	36.672	32.487	0.857	0.944
I9.bmp	I9D8L5.bmp	14	 	41.356	31.965	0.831	0.938
I9.bmp	I9D9L1.bmp	77	 	0.691	49.733	0.995	1.0
I9.bmp	I9D9L2.bmp	74	 	16.144	36.051	0.941	0.99
I9.bmp	I9D9L3.bmp	55	 	19.531	35.224	0.925	0.984
I9.bmp	I9D9L4.bmp	21	 	26.582	33.885	0.894	0.965
I9.bmp	I9D9L5.bmp	24	 	37.185	32.427	0.848	0.934
